Unit,Country,1971,1972,1973,1974,1975,1976,1977,1978,1979,1980,1981,1982,1983,1984,1985,1986,1987,1988,1989,1990,1991,1992,1993,1994,1995,1996,1997,1998,1999,2000,2001,2002,2003,2004,2005,2006,2007,2008,2009,2010,2011,2012,2013,2014,2015,2016,2017
Mt CO2,Canada,340.230956,357.909211,375.653582,385.344416,377.105855,389.220686,401.597004,403.135725,417.3144,422.262325,402.774749,385.66748,379.044855,394.376071,393.880167,385.751236,396.623973,426.681216,442.250267,419.599327,413.07562,425.828761,423.272552,438.478894,448.985855,462.901198,478.528769,484.686159,494.760399,516.259229,508.578571,514.445172,534.262322,526.180994,540.431495,531.138638,561.893801,541.874075,514.415405,528.618581,541.160841,539.740483,549.640805,555.469386,557.660685,548.095275,547.798641
Mt CO2,Chile,21.036435,20.642586,20.006579,19.709771,17.111657,17.892473,18.680602,19.391089,20.630206,21.405335,21.301263,18.387386,19.013298,20.216264,19.631224,20.226546,20.510085,24.80915,30.009387,29.435279,28.26857,29.209383,30.973457,34.00085,37.075351,42.914604,49.430175,50.089611,52.634704,48.623714,46.674236,47.4271,48.616652,53.349052,54.434634,55.677498,63.075016,66.533464,64.212781,68.604765,75.31667,77.235782,81.86194,75.468877,81.092176,85.24552,86.08714
Mt CO2,Mexico,93.748092,106.449776,117.63082,128.283263,134.558202,145.195089,154.303385,170.194443,183.823468,204.603854,219.538366,230.363813,223.835739,231.835747,241.153838,239.877146,249.470629,248.323834,262.053596,256.956533,275.145773,278.010852,285.59614,309.344834,291.33644,304.782774,323.022109,345.372244,335.899921,359.735527,360.600422,368.116069,386.601977,396.045849,412.385135,426.860195,433.36909,434.539402,425.193594,440.460336,456.460321,459.456276,449.626506,434.204441,442.41719,446.175879,445.991937
Mt CO2,United States,4289.035482,4527.984118,4691.090844,4539.98189,4355.839181,4616.828588,4781.620648,4771.142682,4800.31029,4595.789109,4533.920776,4321.08252,4294.487954,4485.577869,4514.313221,4478.048562,4633.016119,4842.013205,4904.547626,4803.082718,4765.774187,4837.748576,4952.760239,5024.11963,5073.896072,5230.535479,5495.04443,5545.442058,5563.874592,5729.87461,5702.169429,5545.478336,5610.749689,5688.77761,5703.220175,5602.449666,5686.716019,5512.512876,5120.690227,5352.120423,5128.17802,4903.010212,5038.523665,5046.56463,4928.610664,4838.476243,4761.301727
Mt CO2,Australia,143.364803,148.422047,157.734249,172.549574,179.467397,181.886685,195.919366,191.090637,197.378887,206.729609,207.361561,213.666649,201.759512,208.045087,220.128059,221.505411,231.814091,240.802247,254.272935,259.697211,261.037229,265.056312,268.97012,274.914397,285.324094,295.801549,303.09665,323.746128,328.805245,334.645123,340.982482,348.962582,347.969551,361.328033,365.515118,370.839121,381.067827,384.311003,391.081821,383.618673,382.107665,381.713911,375.785446,367.025776,373.846773,381.878629,384.583857
Mt CO2,Israel,13.759922,14.43047,15.653201,15.823381,16.410171,16.484552,17.385602,18.580527,19.00854,18.852429,19.640945,20.935974,21.780084,22.670877,24.310593,26.721819,28.996164,30.701533,31.953821,32.818141,33.32865,35.554276,39.046473,41.854081,44.873881,47.059855,49.247057,49.31432,50.709178,54.843946,56.131278,59.258252,61.001669,61.175031,58.796711,62.007447,64.268459,64.478539,63.854184,68.437949,67.512452,73.751873,64.879456,62.476909,63.927754,63.082005,63.766189
Mt CO2,Japan,750.99848,788.841544,897.85521,886.076965,849.909997,876.460172,901.125478,895.71128,917.872352,870.613152,846.591661,820.252682,826.177183,886.75693,866.233818,866.288567,871.445914,936.976607,964.695243,1042.340263,1053.975315,1066.134072,1057.588652,1107.154717,1118.24659,1131.661782,1120.832878,1081.563083,1118.420244,1135.606552,1125.665325,1165.260633,1174.410431,1166.071315,1166.814399,1144.715317,1186.361509,1122.344144,1070.343089,1127.152038,1183.493699,1225.860468,1234.04535,1194.051926,1155.666505,1146.887524,1132.4354
Mt CO2,Korea,52.942062,54.852829,68.234471,71.623931,77.728222,86.410592,98.633923,107.422637,121.255918,125.599661,131.379039,131.221844,139.158984,151.43805,155.7296,162.089281,168.385191,191.985975,203.227412,231.805813,255.832695,275.919887,302.904409,327.43709,357.306006,381.680344,402.317576,343.687195,378.15852,431.897005,445.862586,435.894683,437.778851,459.789616,457.672117,464.712085,477.413786,488.844473,502.089454,550.915653,573.760776,575.466327,574.551419,562.67858,582.047107,589.212169,600.034367
Mt CO2,New Zealand,13.501739,15.470591,16.696632,17.390727,16.429691,18.177912,18.71835,18.215969,16.358744,16.475724,16.255966,17.944028,18.063991,18.438749,18.905085,17.883741,19.129328,20.40965,20.531427,21.749094,22.06937,23.80636,23.423246,23.727691,23.933941,24.946629,27.183805,26.723623,28.116261,28.982092,31.182879,31.085853,32.965277,32.429867,33.690287,33.742482,32.602133,33.460866,30.460749,30.347958,29.588375,31.224908,30.964596,31.237609,31.258942,30.434542,32.241597
Mt CO2,Austria,48.607013,50.407481,53.809202,51.134609,49.488796,53.948382,51.327818,53.665985,55.916144,54.355279,51.554551,49.777713,49.400116,50.970218,52.649019,51.640992,52.387548,50.340348,50.396354,56.239523,60.41507,55.559835,55.768797,56.183019,59.549049,63.265768,62.456823,63.070928,61.44494,61.820269,66.191275,67.631905,72.707588,74.005823,74.764026,72.355239,69.327062,68.802565,62.922944,68.571165,67.012232,63.894994,64.646984,61.116222,62.22117,62.048731,64.872394
Mt CO2,Belgium,117.980409,127.971686,133.081563,130.928862,115.556917,124.648283,123.416566,128.767615,132.333205,125.549715,115.083487,108.702242,99.939941,101.884815,100.991897,101.276348,101.340339,103.036148,104.379202,106.488647,111.080073,109.240269,107.026349,111.722421,111.313683,116.439404,113.472717,116.237806,112.401484,114.004607,115.382773,107.857199,112.569091,111.185727,107.676772,105.533637,101.500283,103.901054,96.871149,103.890892,92.80816,92.315416,93.571738,87.359109,92.789797,91.932287,90.368188
Mt CO2,Czech Republic,153.472803,152.415259,149.353694,148.492885,154.982193,159.828856,169.335137,165.308103,174.865251,167.969147,168.595288,171.257307,172.464159,175.139297,175.254229,175.249367,176.287479,172.840757,165.297689,150.20313,136.901718,131.672672,128.787162,122.499166,123.17479,124.62453,122.708428,116.852822,109.982816,121.230494,121.092364,117.124548,121.280735,121.810545,118.369879,118.850264,121.58171,116.364225,109.643459,112.460232,109.318664,105.653832,101.384367,98.267535,99.42453,101.157395,101.682752
Mt CO2,Denmark,55.421772,57.404664,56.252823,50.01681,52.645648,58.309554,59.935162,59.55137,63.078842,63.060801,52.871383,55.048467,51.689977,53.285354,61.031807,61.596683,59.815039,55.990847,50.176541,50.983247,61.203694,55.32047,57.702239,61.616444,58.385219,71.637803,61.886608,57.966888,54.780958,50.797261,52.374025,52.089153,57.488996,51.847667,48.494944,56.404306,51.639933,48.659925,46.925448,47.254487,42.056027,36.89122,38.633898,34.440574,31.948409,33.486945,31.26357
Mt CO2,Estonia,..,..,..,..,..,..,..,..,..,..,..,..,..,..,..,..,..,..,..,35.013973,31.366231,23.464929,18.0964,17.558587,15.889313,16.848233,16.432461,15.855318,14.83727,14.447535,14.910337,14.504812,16.492733,16.547676,16.747695,15.469899,19.253197,17.683925,14.694047,18.563998,17.630306,16.363747,18.77879,17.387483,15.147858,15.460878,15.972029
Mt CO2,Finland,39.854757,43.610247,47.924706,44.208844,44.188917,50.402788,50.02907,54.638502,54.120236,54.865628,45.547032,44.086131,42.605679,43.959901,48.284914,48.450357,52.188243,51.473099,51.503329,53.83361,54.563823,51.806988,53.100465,59.564032,55.714578,62.192974,60.173993,56.817756,56.031327,54.592688,60.584543,62.954778,71.241465,67.154133,54.918043,66.45099,64.497212,56.043465,53.795592,62.000673,54.562684,48.904772,49.729813,45.706777,42.365643,45.127234,42.598175
Mt CO2,France,423.373262,438.776231,474.377986,456.558521,423.108047,463.082467,448.854244,467.903295,474.560633,455.214051,407.159088,389.602131,373.927891,361.496257,351.797985,341.624471,335.131586,333.55392,349.263213,345.59939,370.301331,359.31274,340.932562,335.700427,343.648115,359.52364,351.029466,372.496344,366.61764,364.674799,368.205343,362.524159,368.282713,369.081263,371.89291,362.610974,353.75169,349.495513,336.074448,340.21809,322.273392,325.318234,325.277258,293.184242,299.640583,301.695852,306.123541
Mt CO2,Germany,978.142404,1001.573959,1052.182398,1025.899087,973.365909,1029.249705,1013.471761,1051.706583,1099.049164,1048.150693,1015.86694,974.527147,976.079878,995.679968,1004.256098,1006.959344,997.133446,989.620447,965.797773,940.007684,917.644162,877.601541,871.821904,859.106392,856.596915,887.062102,854.919715,846.943854,814.959373,812.311609,831.479218,817.9019,820.732425,804.672932,786.664297,799.102652,766.721505,775.186804,720.205407,758.802602,731.224666,744.674177,763.769203,723.177099,729.684098,734.487052,718.794085
Mt CO2,Greece,25.064815,28.936554,33.724807,32.259338,34.099717,38.825879,40.195782,42.652071,44.8846,45.176142,44.651873,45.941543,49.128441,50.82252,54.479901,54.349543,59.811273,63.806074,68.754275,69.857367,70.101974,72.315889,72.215903,73.81484,76.478485,76.379728,77.353692,80.744241,81.029466,87.923582,90.041816,90.283202,93.848627,93.480598,95.156324,94.103838,97.902891,94.35162,90.15818,83.36947,82.117228,76.986345,68.845177,65.726678,64.543218,63.076623,63.21331
Mt CO2,Hungary,60.253993,62.096771,66.405318,68.758533,70.172709,73.341083,76.925831,84.813745,83.386443,82.613644,81.711327,82.055388,78.436297,80.477088,79.755472,78.257251,79.11138,74.451866,72.969751,65.669979,63.450196,57.143078,57.360438,56.603263,56.245319,57.343904,55.81608,56.131297,56.686536,53.280264,54.923444,54.17392,56.774935,55.060802,54.722182,54.161519,52.522404,51.753214,46.866409,47.145132,46.343688,42.748798,40.246668,40.059463,42.708351,43.777954,45.783636
Mt CO2,Iceland,1.404192,1.498085,1.666275,1.661571,1.614157,1.59045,1.634358,1.75792,1.826956,1.746981,1.73625,1.563521,1.595157,1.694824,1.627919,1.701378,1.743663,1.827492,1.82425,1.895898,1.865972,1.899651,1.944589,2.054057,1.964286,2.2259,2.108493,2.100158,2.054977,2.161026,2.10556,2.205535,2.194304,2.269524,2.23538,2.272645,2.319835,2.121787,2.07988,1.949182,1.868728,1.859894,2.031822,2.047533,2.057458,2.064863,2.173307
Mt CO2,Ireland,21.642664,21.399217,20.829591,22.601027,21.14887,21.876159,23.487669,23.205516,27.053334,25.895837,25.700614,25.275324,25.123352,24.904511,26.453225,27.464475,29.104186,28.103304,29.240265,30.111854,30.730081,30.835749,30.994577,32.050536,32.636823,33.99215,35.000215,37.607302,39.114385,40.914679,43.062092,42.181915,42.091792,42.568425,44.420119,45.456782,44.642464,44.243869,39.679776,39.516725,35.381343,35.911606,34.597873,34.074808,35.342128,36.863114,35.720302
Mt CO2,Italy,289.40186,306.537251,328.081933,331.43441,317.060307,341.984762,332.594158,338.274617,353.929429,355.353186,345.953201,341.146179,336.38258,341.984101,342.046885,343.29086,362.713597,366.820724,384.750302,389.411983,388.384128,385.844311,382.857911,378.495511,401.104969,398.163469,401.287301,411.832176,417.730612,420.436632,420.18139,427.183051,445.257756,454.994798,456.431826,449.184459,441.461104,428.854473,383.717096,391.99233,384.107414,366.677218,337.575729,319.155267,329.662257,325.657168,321.481224
Mt CO2,Latvia,..,..,..,..,..,..,..,..,..,..,..,..,..,..,..,..,..,..,..,18.777406,17.201457,13.832925,11.741535,10.14694,8.90254,8.903572,8.420937,8.027839,7.410166,6.841156,7.247275,7.234721,7.464371,7.479639,7.58061,8.030694,8.36029,7.938214,7.185957,8.087541,7.340252,6.99556,6.909808,6.723727,6.845608,6.799011,6.679644
Mt CO2,Lithuania,..,..,..,..,..,..,..,..,..,..,..,..,..,..,..,..,..,..,..,32.215171,34.286939,19.227404,15.372335,14.43084,13.434207,13.914716,13.557513,14.294702,11.899931,10.221743,10.870211,10.931246,10.938091,11.56326,12.443951,12.502004,12.684005,12.610744,11.40734,12.314715,11.525294,11.531329,10.868843,10.462848,10.550273,10.750005,10.811096
Mt CO2,Luxembourg,16.472252,16.117636,17.447977,16.012065,12.739168,13.641986,12.956887,14.160969,13.262431,12.450372,10.536409,9.8801,9.23984,10.109488,10.335311,10.018153,9.425361,9.872817,10.640486,10.745619,11.238352,10.915149,11.213037,10.3234,8.225746,8.308623,7.800141,7.121573,7.454772,8.065071,8.689852,9.374964,9.852439,11.232303,11.493299,11.30179,10.704137,10.640149,10.08492,10.664187,10.514577,10.311125,9.781443,9.288168,8.804662,8.501982,8.631187
Mt CO2,Netherlands,127.679118,142.500883,148.450095,140.148814,131.96201,140.723494,138.521472,143.012102,153.154959,145.417303,143.265879,134.919353,130.472621,135.309153,138.396723,141.461874,145.369314,143.337963,146.408543,147.774816,153.812146,152.595442,157.538409,156.688132,163.58274,173.220894,165.882191,166.264879,160.906912,161.617322,166.590316,166.903642,169.919079,171.658709,167.48966,163.262344,164.115298,164.822973,160.072111,170.762343,158.412075,157.155685,156.790967,149.502726,157.858417,158.034178,155.574278
Mt CO2,Norway,23.001052,23.558764,23.368386,22.698546,23.603322,25.342984,26.583372,27.084161,28.798385,27.235484,25.468887,24.325871,24.409682,25.060867,26.41565,29.715102,27.581476,27.732835,27.092949,27.467411,25.954421,28.86254,30.53143,32.115959,31.408419,32.365369,34.117481,35.756729,37.220763,31.879214,32.889232,32.503989,35.070291,35.59359,34.500489,35.46211,36.037798,35.305649,35.683365,37.29115,36.219049,35.89114,35.75981,35.559619,35.890983,35.281342,34.760858
Mt CO2,Poland,287.362329,299.576749,312.790456,325.211998,338.900005,362.484716,375.04704,400.148279,406.116245,416.002259,385.785133,391.823647,394.117859,409.705611,422.392233,428.165065,443.657954,432.783268,413.572442,344.761599,346.210886,337.830357,338.869406,333.109212,333.337838,349.101188,337.887996,312.080092,302.800082,289.591377,288.640036,282.610945,293.129945,296.744997,296.261105,308.078167,306.294687,301.597403,291.471973,307.493273,303.187965,296.94125,292.406679,279.258971,282.70842,293.21141,305.841991
Mt CO2,Portugal,14.39064,14.549996,16.191536,16.487656,18.03111,19.347863,18.751929,19.756023,21.888958,23.753098,24.876933,25.369701,26.080652,25.040854,23.924909,27.251645,27.757947,28.861277,37.138387,37.892592,39.49669,43.638028,42.597798,44.01086,47.23115,45.354497,47.370573,52.063633,58.380644,57.852184,57.756555,61.694897,56.907576,58.12475,61.385798,56.444866,54.63161,52.832438,53.076554,47.561335,47.054931,45.670308,43.741204,42.835055,46.930899,46.42253,50.757815
Mt CO2,Slovak Republic,38.86586,39.294049,40.971941,41.841452,43.153699,43.689704,45.418863,50.650177,51.543254,55.77679,54.433055,52.820219,52.701815,54.566712,54.413304,51.687045,53.500042,54.299712,53.652459,54.811844,47.938153,44.789172,43.290931,40.586974,41.215629,41.07411,41.05845,39.581515,38.833148,36.882231,37.368026,36.900369,37.409645,36.213452,37.262253,36.484264,35.705258,35.423774,32.608964,34.572279,32.854943,31.251081,31.7854,29.171089,29.444719,30.159706,32.212012
Mt CO2,Slovenia,..,..,..,..,..,..,..,..,..,..,..,..,..,..,..,14.666341,14.104534,13.912162,13.886753,13.528758,12.737375,12.440548,13.2675,13.223313,14.063911,14.853948,15.284084,15.042995,14.445537,14.050959,14.875062,15.081149,14.96615,15.234875,15.443058,15.799301,15.75268,16.7983,15.109682,15.446955,15.427293,14.8584,14.211939,12.756345,12.805132,13.585628,13.410666
Mt CO2,Spain,119.087492,125.005222,139.380677,150.904352,155.843041,172.513826,165.222225,164.244725,174.772942,186.254122,190.241666,184.473437,187.942251,178.735175,173.024021,177.339513,178.122654,181.317427,198.712406,202.627254,210.399736,221.929588,208.165769,216.952715,228.207254,217.984598,235.853132,242.405531,263.870515,278.584641,279.77709,297.22367,302.617985,319.270648,333.710098,325.036584,337.863422,309.774422,276.086065,262.054512,264.874087,260.511883,235.161648,232.063953,247.067141,237.400337,253.423277
Mt CO2,Sweden,82.047455,82.173712,83.562243,76.514404,79.041446,85.860411,82.90431,77.583881,80.106144,73.120121,66.199147,60.477769,54.964725,54.040213,58.385814,59.86253,58.027618,55.592392,52.787524,52.077321,53.099292,55.656924,55.412879,57.379813,56.934868,62.422399,56.276569,57.230416,56.125853,51.989465,51.165348,52.743719,53.996718,52.309331,49.105656,46.627675,44.987525,42.956349,40.725659,46.062647,42.353652,39.246247,37.567152,37.29509,37.112379,37.989269,37.643785
Mt CO2,Switzerland,38.918813,39.387906,42.985846,38.506848,36.753441,38.581554,38.995933,40.108769,38.6529,39.262145,36.929691,34.94201,39.073131,38.547587,41.77273,41.673944,40.019383,39.87331,39.475012,40.747466,43.42036,43.595927,41.540098,40.483931,41.451234,42.215175,41.142274,42.641295,42.923073,41.984677,43.397514,41.883057,43.188018,43.534175,44.006757,43.629113,41.660479,43.113007,41.825778,43.257966,39.234013,40.665937,41.665708,37.868645,37.323113,37.851822,37.135572
Mt CO2,Turkey,41.736699,49.055633,52.754934,55.306318,59.631229,66.674617,72.221079,73.033463,67.555819,71.522558,71.126823,77.569191,83.281541,87.715162,95.358471,103.308135,113.729963,108.735235,120.704121,128.767185,131.78632,136.537119,142.539299,140.343028,154.030155,170.687558,178.338801,178.407405,178.068881,201.222491,182.686152,192.604715,203.147139,207.40141,215.892986,240.254878,266.198341,262.367012,261.278593,267.846219,287.198851,298.432784,285.18345,307.171546,318.973757,338.874454,378.63109
Mt CO2,United Kingdom,621.136913,602.249049,634.238978,595.189739,576.041678,582.095187,592.90971,591.088378,623.134969,570.574002,554.44485,541.404192,533.135429,516.151536,543.545262,558.074689,562.619047,561.12725,547.411859,549.390011,560.129215,547.520737,530.617893,523.225784,513.796422,533.808846,511.895623,514.529284,511.948885,520.562588,535.303236,521.177335,533.471636,533.390964,531.648669,532.89988,521.733018,507.897104,460.083887,476.626011,439.178828,461.442481,447.002723,408.662693,394.115172,372.557789,358.731281
Mt CO2,Albania,3.86277,4.446404,3.923777,4.11133,4.338334,4.677358,4.958544,5.619529,6.694873,6.811556,5.843743,6.10404,6.659463,7.213175,6.929926,6.951616,7.232079,7.160662,6.839342,5.67294,3.811206,2.137383,1.976262,2.033466,1.848549,1.863265,1.427657,1.759716,2.921647,3.083446,3.224186,3.750324,3.822396,4.00711,3.825184,3.792392,3.775922,3.708694,3.76623,3.930295,4.141866,3.484832,3.646202,4.123018,3.824801,3.674183,4.342011
Mt CO2,Armenia,..,..,..,..,..,..,..,..,..,..,..,..,..,..,..,..,..,..,..,19.845219,20.68956,10.656529,4.918989,2.675926,3.368027,2.403509,3.15662,3.283226,2.931684,3.422249,3.458504,2.907291,3.275246,3.465509,4.129845,4.151024,4.797638,5.27332,4.269475,4.048253,4.672815,5.438573,5.243728,5.220168,4.70213,4.833071,5.165593
Mt CO2,Azerbaijan,..,..,..,..,..,..,..,..,..,..,..,..,..,..,..,..,..,..,..,53.483702,52.059429,42.438849,37.359606,33.277753,32.37242,27.072982,26.273674,26.255564,25.764911,27.305747,25.834096,25.514806,27.832395,27.404575,29.018489,29.39629,26.695627,28.81145,24.521671,23.532476,26.449925,28.894746,29.462078,30.793666,30.806159,31.409359,30.805851
Mt CO2,Belarus,..,..,..,..,..,..,..,..,..,..,..,..,..,..,..,..,..,..,..,99.853969,96.241963,86.861432,75.376774,64.029685,56.957863,57.83037,58.209196,56.302595,54.086561,52.118701,50.910285,50.783735,51.374732,54.465744,55.01416,57.239326,55.727348,58.444191,55.318366,59.498259,56.382399,57.595686,57.549168,56.801809,52.618265,53.062826,54.070453
Mt CO2,Bosnia and Herzegovina,..,..,..,..,..,..,..,..,..,..,..,..,..,..,..,..,..,..,..,23.96557,21.440971,15.905387,13.343319,3.064876,3.279823,4.129145,8.415171,10.645188,10.401709,13.718183,13.500826,14.21871,14.546432,15.186631,15.857733,17.462209,18.415091,20.240004,20.204495,20.482682,23.400889,21.645003,21.510392,19.172421,19.306465,22.019403,22.327978
Mt CO2,Bulgaria,63.830958,65.873207,67.731105,68.77888,73.315187,73.199135,75.957976,79.019714,82.248604,85.032429,81.057132,82.702959,81.280696,79.378318,82.206429,83.16401,84.220593,83.155829,82.559497,71.463722,57.371692,54.057769,54.540543,52.108309,52.737289,53.136273,51.687501,49.489089,43.210523,42.138072,44.972856,42.436775,46.646286,45.773631,46.473483,47.622547,50.958573,48.500374,42.373446,44.362486,49.165656,44.415409,39.159236,41.539009,43.715357,40.548756,42.819932
Mt CO2,Croatia,..,..,..,..,..,..,..,..,..,..,..,..,..,..,..,..,..,..,..,20.328917,14.62919,14.124214,14.803147,13.987237,14.774177,14.650527,16.24561,17.609329,17.371297,16.782763,17.753863,18.853992,20.181196,19.58836,19.917214,19.977214,21.222283,20.164387,19.064566,18.248777,17.950446,16.419845,15.901102,15.117108,15.512642,15.858564,16.193172
Mt CO2,Cyprus,1.744456,2.170397,2.275467,1.735447,1.658258,1.93937,2.115335,2.233691,2.428702,2.574554,2.528048,2.571672,2.62128,2.739296,2.765082,3.033896,3.595126,3.650016,3.814409,3.89137,4.444337,4.748779,4.941288,5.145025,5.048341,5.348298,5.471654,5.814504,6.072801,6.305013,6.188862,6.343101,7.017641,6.907324,7.047944,7.113808,7.4253,7.579383,7.502392,7.260554,7.000736,6.515882,5.630061,5.776906,5.900866,6.2692,6.367874
Mt CO2,Georgia,..,..,..,..,..,..,..,..,..,..,..,..,..,..,..,..,..,..,..,33.488258,25.505906,19.869603,15.971906,10.403349,8.136847,6.328856,5.482123,4.909639,4.384622,4.632649,3.381844,2.819756,3.01999,3.204913,4.065656,4.525622,5.453393,4.666914,5.292218,4.995027,5.953731,6.609908,6.68514,7.719799,8.383116,8.809005,8.7203
Mt CO2,Gibraltar,0.068532,0.05923,0.059001,0.059048,0.062036,0.062083,0.058987,0.05583,0.077759,0.093542,0.087168,0.096578,0.087108,0.08389,0.090096,0.115457,0.127532,0.142825,0.136391,0.142765,0.202559,0.239888,0.242984,0.287117,0.280803,0.287056,0.296418,0.312033,0.324492,0.340046,0.349409,0.355662,0.361914,0.393159,0.405663,0.424375,0.421157,0.430445,0.471038,0.474195,0.45858,0.467989,0.499159,0.536595,0.589619,0.645692,0.7039
Mt CO2,Kazakhstan,..,..,..,..,..,..,..,..,..,..,..,..,..,..,..,..,..,..,..,237.250885,246.365956,252.398442,216.238023,194.435994,170.519468,148.261303,125.620091,128.265938,115.894314,112.014087,109.245504,119.577281,134.803148,146.417341,156.902433,172.937357,187.204832,230.259087,202.716188,221.101402,234.81722,233.846139,249.15968,229.816281,245.762673,254.927792,255.767646
Mt CO2,Kosovo,..,..,..,..,..,..,..,..,..,..,..,..,..,..,..,..,..,..,..,..,..,..,..,..,..,..,..,..,..,5.104602,6.47382,6.435991,6.773643,6.842717,6.639156,6.701349,7.030455,7.570421,8.397258,8.695947,8.605458,8.117446,8.296504,7.392382,8.605689,9.080385,8.16855
Mt CO2,Kyrgyzstan,..,..,..,..,..,..,..,..,..,..,..,..,..,..,..,..,..,..,..,22.762333,20.42288,13.296698,9.794203,6.364922,4.45854,5.527695,5.398613,5.719911,4.619704,4.450168,3.761835,4.737819,5.260549,5.187071,4.8919,4.877132,5.963378,7.006248,6.521635,6.040358,7.21138,9.563712,8.750947,9.032191,9.896806,9.298993,8.909263
Mt CO2,Malta,0.655077,0.828296,0.794404,0.725875,0.651329,0.740289,0.781007,0.91718,0.892115,0.992263,1.125603,1.292897,0.970494,1.327076,1.15807,1.874862,1.964633,2.138238,2.318848,2.314617,2.210602,2.169051,2.806275,2.506954,2.378847,2.324338,2.469612,2.374492,2.409246,2.12916,2.489089,2.318417,2.60802,2.598015,2.621893,2.646157,2.711098,2.718652,2.504597,2.580576,2.567454,2.709905,2.372212,2.354011,1.6489,1.354078,1.516276
Mt CO2,Republic of Moldova,..,..,..,..,..,..,..,..,..,..,..,..,..,..,..,..,..,..,..,30.532115,24.599519,19.847857,17.008407,13.809785,11.892994,10.20956,9.310281,8.433962,7.141631,6.536841,6.843851,6.963168,7.519818,7.493321,7.810491,7.517954,7.436466,7.360146,7.298791,7.946552,7.918591,7.698491,6.705483,7.249277,7.57852,7.710688,7.526673
Mt CO2,Montenegro,..,..,..,..,..,..,..,..,..,..,..,..,..,..,..,..,..,..,..,..,..,..,..,..,..,..,..,..,..,..,..,..,..,..,2.004798,2.179294,2.098407,2.693314,1.747481,2.584208,2.535667,2.331593,2.267307,2.218423,2.358285,2.112994,2.206233
Mt CO2,Republic of North Macedonia,..,..,..,..,..,..,..,..,..,..,..,..,..,..,..,..,..,..,..,8.591283,8.383742,8.332391,8.639659,8.350826,8.305696,9.862495,8.786101,9.651408,8.879545,8.522107,8.670612,8.128537,8.829072,8.542584,8.917292,8.912976,9.339666,9.12527,8.502029,8.319696,9.148742,8.792818,7.8537,7.436958,7.133668,6.947674,7.440699
Mt CO2,Romania,114.671667,118.342977,129.115526,129.79499,140.600336,153.509375,160.745392,174.373152,178.746919,177.369151,178.701875,176.472288,178.706238,174.90482,174.876064,180.005639,188.877836,193.787767,189.850617,168.188564,139.173936,123.087012,114.805639,112.321691,117.587815,120.752931,110.418687,96.476601,82.855418,86.222025,91.340662,90.949271,96.97367,93.74113,92.632653,95.285763,92.38187,91.070886,77.431117,74.725473,80.859371,78.578501,69.312297,68.466683,69.55857,67.962637,70.78876
Mt CO2,Russian Federation,..,..,..,..,..,..,..,..,..,..,..,..,..,..,..,..,..,..,..,2163.53307,2136.444268,1959.348086,1799.795292,1596.3903,1548.252185,1521.658005,1414.791763,1406.588154,1442.981854,1474.394287,1474.669977,1465.851034,1493.895749,1488.20149,1481.897136,1537.702664,1533.725251,1553.838333,1440.681104,1529.228168,1604.742898,1607.949744,1568.533162,1551.605133,1534.458233,1510.557598,1536.878825
Mt CO2,Serbia,..,..,..,..,..,..,..,..,..,..,..,..,..,..,..,..,..,..,..,61.906503,52.202448,47.991939,42.718086,38.904648,44.548887,51.652141,56.314932,56.209743,40.010128,42.93935,45.002762,48.581164,52.145004,56.345334,50.320015,52.464943,51.238268,49.905475,45.955643,45.61019,49.775918,44.570331,45.373816,38.045,44.459955,45.474363,46.129569
Mt CO2,Tajikistan,..,..,..,..,..,..,..,..,..,..,..,..,..,..,..,..,..,..,..,11.018172,10.171663,7.489935,5.020133,2.937321,2.459615,2.21569,2.495772,2.756881,2.529902,2.176522,2.115829,2.084936,2.093826,2.502434,2.347227,2.54852,3.114771,2.948035,2.309775,2.302905,2.41822,2.892174,3.007117,4.021592,4.211795,5.428489,5.843657
Mt CO2,Turkmenistan,..,..,..,..,..,..,..,..,..,..,..,..,..,..,..,..,..,..,..,44.646104,37.78844,27.652091,26.186735,32.583931,33.255953,29.507358,29.760447,30.413274,35.5873,36.666283,37.905737,39.733679,44.234482,46.599487,48.103296,49.211939,55.833112,56.460956,49.95901,56.919769,61.795624,64.094198,65.504807,67.016622,69.10529,68.972285,68.998881
Mt CO2,Ukraine,..,..,..,..,..,..,..,..,..,..,..,..,..,..,..,..,..,..,..,688.618929,651.932022,565.963643,492.916915,410.678869,395.842067,343.950268,325.829783,306.499999,303.190138,295.115804,298.077866,301.123763,326.616534,302.871618,290.620184,298.505426,305.977479,295.034556,249.69807,266.580685,279.61803,274.008242,265.198093,234.310862,187.590314,197.626378,171.300035
Mt CO2,Uzbekistan,..,..,..,..,..,..,..,..,..,..,..,..,..,..,..,..,..,..,..,114.889299,118.749458,111.17231,112.173171,106.401764,94.583912,95.66238,96.958996,112.794673,112.928408,115.105372,115.325501,118.777874,113.286594,113.54678,105.599618,111.358294,110.030283,115.109052,103.375513,100.562513,110.038279,113.435604,103.300972,104.046358,92.161645,81.343275,81.156397
Mt CO2,Former Soviet Union (if no detail),1941.654253,2054.781986,2189.515257,2311.790773,2480.695966,2572.023097,2632.012017,2757.012492,2833.247379,2935.714764,2924.762443,2958.621992,2987.590448,3033.031409,3078.340435,3156.682712,3259.74771,3299.362033,3313.44637,x,x,x,x,x,x,x,x,x,x,x,x,x,x,x,x,x,x,x,x,x,x,x,x,x,x,x,x
Mt CO2,Former Yugoslavia (if no detail),61.808195,60.986349,66.319758,71.51029,73.469765,74.802444,78.493258,84.637934,87.524415,84.159394,96.283605,102.321343,110.639493,113.872722,119.572096,125.747084,118.421018,124.2472,125.097613,x,x,x,x,x,x,x,x,x,x,x,x,x,x,x,x,x,x,x,x,x,x,x,x,x,x,x,x
Mt CO2,Algeria,8.595347,9.643154,10.996327,11.943385,13.552694,15.94481,17.722054,21.523505,26.979872,27.736565,32.119228,38.234969,41.829319,40.808137,42.073253,47.293708,47.134176,49.544459,49.546802,51.174701,54.725081,54.956878,56.69965,54.611561,55.336862,54.892603,55.994961,57.524501,60.924707,61.50756,63.016764,68.148429,71.983745,73.37692,77.47413,80.759469,84.879694,88.128544,94.441442,95.535489,102.789651,112.186153,115.656875,123.204974,130.426655,127.640064,130.493653
Mt CO2,Angola,1.617727,2.405734,2.199131,2.253837,1.955802,1.939556,1.506541,2.576223,2.539986,2.658145,2.522902,2.198075,2.321053,2.228183,2.817595,2.771552,2.849332,3.214568,3.304776,3.922267,4.013414,3.890286,4.225733,4.18085,3.913613,4.191566,4.333508,3.733818,4.742942,4.63338,5.032717,5.503133,7.065044,7.716416,6.146691,8.253096,9.650967,11.817271,13.871999,15.151684,16.144331,16.449741,19.289788,20.914026,21.53232,21.458342,18.021394
Mt CO2,Benin,0.304678,0.399858,0.409581,0.421428,0.462751,0.280361,0.334802,0.382204,0.382315,0.394843,0.299892,0.363766,0.364559,0.378828,0.472814,0.409385,0.35989,0.356206,0.281353,0.256412,0.199848,0.208945,0.208966,0.215168,0.221525,0.907229,1.159368,1.21466,1.340466,1.424519,1.73514,2.02022,2.276874,2.434437,2.677863,3.245668,3.786198,3.835942,4.193752,4.573129,4.438047,4.21419,4.448582,4.783984,5.261645,6.602646,6.763074
Mt CO2,Botswana,..,..,..,..,..,..,..,..,..,..,1.37653,1.43626,1.407255,1.402081,1.500972,1.727264,1.792776,2.152098,2.371309,2.807401,2.734687,3.298271,3.249688,3.080084,3.189755,2.915882,3.065988,3.6822,3.85849,4.033845,3.865552,4.026662,3.915011,3.970324,4.278592,4.086871,4.319812,4.392729,4.09028,3.271367,3.883977,4.985881,5.415702,6.986347,7.068888,6.979639,7.717409
Mt CO2,Cameroon,0.734006,0.769923,0.797873,0.795467,1.019224,0.930459,1.332718,1.429745,1.54213,1.668316,1.754799,1.878459,2.044363,2.140803,2.378233,2.296648,2.278816,2.492939,2.724862,2.643756,2.433156,2.273586,2.416963,2.550265,2.459446,2.443261,2.569145,2.684373,2.401607,2.788281,2.706746,2.896222,2.983401,3.014278,2.935781,3.10607,4.118061,4.269435,4.809731,5.050631,4.854705,4.936586,5.349179,5.992238,5.944767,6.103656,6.152919
Mt CO2,Congo,0.573467,0.605685,0.599404,0.603605,0.606426,0.74315,0.635409,0.679201,0.653601,0.692372,0.724337,0.800208,0.805278,0.728154,0.759835,0.686928,0.721913,0.673758,0.660974,0.638889,0.682875,0.612804,0.59402,0.387831,0.536664,0.422885,0.319257,0.326816,0.373629,0.497599,0.634625,0.503656,0.752223,0.78117,0.843574,1.022379,1.096506,1.37194,1.569329,1.833183,2.09355,2.228669,2.537397,2.640089,3.164794,2.97836,2.847335
Mt CO2,Côte d'Ivoire,2.401772,2.652976,2.710676,2.808985,3.03834,3.483598,3.414592,3.983024,3.653702,3.390969,2.986688,2.963288,3.738631,3.337323,3.046744,3.077344,3.049392,3.061432,2.928331,2.705417,2.791494,2.772149,2.95732,3.093579,3.262483,3.875068,4.786685,4.8294,6.688638,6.329922,6.258311,6.377864,5.150728,5.418416,5.813001,5.627601,5.548482,6.36128,5.926919,6.245044,6.042079,7.885024,8.458143,8.952662,9.543523,9.586785,10.234205
Mt CO2,Dem. Rep. of Congo,2.576893,2.643358,2.62255,2.6897,2.620726,2.690006,2.805207,2.861161,3.202245,3.167521,3.38628,2.635672,3.581413,3.474444,3.254053,3.005598,3.316847,3.483364,3.300299,2.989672,1.635402,1.4112,1.37255,1.214963,1.142631,1.152152,1.151975,1.273899,1.255271,0.852804,0.713348,0.770713,0.937636,1.013146,1.281832,1.393429,1.543003,1.715975,1.737353,1.869246,2.34466,2.271174,3.476123,4.656709,2.734926,1.979013,2.201742
Mt CO2,Egypt,20.050234,22.53856,20.696799,23.432926,25.581444,29.858133,32.001619,32.949601,36.356824,40.751362,46.634152,50.365321,56.312819,61.788595,64.473872,65.698859,70.823774,72.056439,75.788301,77.862966,77.264631,80.102356,81.887285,76.629593,81.466137,85.962443,92.827128,97.785352,102.147252,100.104957,111.733308,113.490667,117.819171,128.526056,145.027708,152.133593,163.567698,170.863898,174.449011,176.436297,182.670815,189.085708,189.195077,193.349392,199.544529,204.112697,209.219059
Mt CO2,Eritrea,..,..,..,..,..,..,..,..,..,..,..,..,..,..,..,..,..,..,..,..,..,0.435708,0.630669,0.712288,0.776324,0.851347,0.79967,0.592788,0.628059,0.615037,0.674762,0.657928,0.667038,0.660535,0.578183,0.502015,0.492457,0.425577,0.447342,0.47957,0.514275,0.545868,0.564828,0.577468,0.590108,0.599637,0.632105
Mt CO2,Ethiopia,1.307976,1.207798,1.298756,1.32179,1.17811,1.184784,1.165957,1.253924,1.32017,1.351695,1.489751,1.352898,1.452572,1.345737,1.385977,1.636789,1.86175,1.929515,2.03209,2.171078,2.214169,1.3944,1.798312,2.072112,2.325783,2.589803,2.753032,2.923389,2.918312,3.201238,4.038851,4.210465,4.570982,4.807406,4.482124,4.776189,5.503395,6.228882,6.337487,5.898599,6.816323,7.178843,8.411696,10.325544,10.059891,11.843085,13.059815
Mt CO2,Gabon,0.475371,0.472551,0.610544,0.55938,0.757319,1.172804,1.324602,1.743004,1.331937,1.290714,1.621632,1.758262,1.821704,1.507273,1.682488,1.477157,1.277949,1.442298,1.130406,0.910008,1.074154,1.112749,1.202799,1.165391,1.315246,1.415124,1.522005,1.617797,1.52247,1.465254,1.477057,1.385142,1.388737,1.431414,1.733485,1.80216,1.938413,2.015109,2.07918,2.659638,2.984984,3.126927,3.283267,3.251162,3.252522,3.357483,3.367911
Mt CO2,Ghana,1.915098,2.007377,2.07969,2.181189,2.305818,2.348777,2.507349,2.527553,2.213717,2.190291,2.677404,2.276178,1.49115,1.785739,2.067234,2.202734,2.297404,2.363984,2.613732,2.516857,2.257202,2.657613,2.696473,2.914599,3.184394,3.483325,3.604618,5.438717,5.818927,4.949505,5.444546,6.656509,6.37041,5.869142,6.306508,7.725022,8.355755,7.732564,9.244045,10.419649,10.851969,12.815716,13.695318,13.26183,14.088758,12.967698,13.779635
Mt CO2,Kenya,3.23255,3.385962,3.53958,3.525256,3.460622,3.97052,4.16436,4.152004,4.102855,4.394629,4.294571,4.069658,3.747745,4.457592,4.592785,5.216292,5.418373,5.377423,5.682855,5.517313,5.309007,5.337537,5.285051,5.27431,5.729446,6.229158,6.02844,6.583467,6.902118,7.767749,7.083632,6.834068,5.866275,6.724084,7.483192,8.445388,8.382223,8.822446,10.429718,11.209779,11.321457,10.354965,12.060053,12.898044,14.721841,16.266163,16.264973
Mt CO2,Libya,3.720885,5.40609,5.786403,6.780983,8.6706,9.227935,10.675967,11.920872,12.848423,17.588669,18.170963,19.711323,20.369148,21.51613,21.243693,22.139614,22.743203,25.052583,26.775857,25.843823,25.672065,25.416879,26.723484,31.133958,32.953725,34.676645,34.526202,35.346394,34.491668,36.746264,37.766573,39.817441,41.519265,42.417787,43.101459,41.977812,38.963802,42.184335,45.339114,48.181967,34.415101,44.366352,48.299016,47.983357,42.725711,41.056051,41.52835
Mt CO2,Mauritius,0.26147,0.290146,0.327956,0.397134,0.4224,0.488437,0.563669,0.604091,0.606905,0.572348,0.57874,0.531688,0.606552,0.648444,0.611518,0.762641,0.807272,0.901076,1.014059,1.164093,1.251644,1.323345,1.469078,1.514197,1.551459,1.614123,1.624193,1.791592,2.198405,2.431871,2.565573,2.612613,2.748569,2.770269,2.961755,3.304216,3.395196,3.466776,3.423313,3.662144,3.639261,3.734865,3.827598,3.959233,3.967535,4.042202,4.182138
Mt CO2,Morocco,6.578349,7.23056,8.329745,9.101343,9.662413,10.611978,11.647206,12.445379,13.333606,13.686748,13.860043,14.519196,15.296277,15.631605,16.272651,16.760031,17.162073,17.966846,19.41679,19.655831,20.604993,22.134018,22.84504,24.998546,26.073834,25.706733,26.87179,27.548587,29.085747,29.550532,32.193994,33.338022,33.067085,36.597954,39.215868,40.525447,41.349844,43.178424,43.15489,46.396882,50.751728,52.237979,51.518825,53.520673,55.371267,55.299726,58.14986
Mt CO2,Mozambique,2.933542,2.656237,2.771983,2.674152,2.375964,2.426944,2.307804,1.991258,1.894822,2.343329,2.033976,1.860488,1.721353,1.468862,1.504154,1.471128,1.470243,1.482472,1.459046,1.084831,0.903332,1.085147,1.280413,1.072361,1.148226,1.088453,1.198299,1.155733,1.146291,1.317721,1.304815,1.374402,1.664918,1.691163,1.514919,1.623487,1.973156,1.952469,2.21395,2.377492,2.824377,2.622461,2.955268,4.699199,6.221087,8.445417,7.624932
Mt CO2,Namibia,..,..,..,..,..,..,..,..,..,..,..,..,..,..,..,..,..,..,..,..,1.132806,1.233002,1.43249,1.654074,1.794288,1.923671,1.973528,2.020546,1.975976,1.903499,2.432816,2.116696,2.241937,2.337835,2.492652,2.507824,2.580865,2.925312,2.983469,3.078895,3.133855,3.253369,3.460988,3.619834,3.858399,3.983156,4.03715
Mt CO2,Niger,..,..,..,..,..,..,..,..,..,..,..,..,..,..,..,..,..,..,..,..,..,..,..,..,..,..,..,..,..,0.650995,0.646706,0.674977,0.73905,0.772818,0.736144,0.729631,0.80367,0.842418,1.068423,1.358855,1.3798,1.866202,1.779983,1.969994,1.953955,1.951763,2.048704
Mt CO2,Nigeria,5.699087,6.844628,8.417153,9.200067,10.816425,13.711857,16.809831,20.463966,21.072207,25.354711,28.336338,32.01894,33.045589,30.490718,31.785039,30.300692,31.179047,32.652055,33.152599,28.063613,32.882617,39.618963,36.167201,30.493465,32.775287,36.420383,41.379822,37.526018,39.348344,43.766126,49.224236,50.853827,54.066321,54.019439,56.558056,51.355652,47.716495,52.945289,44.125618,55.417965,60.185024,61.639257,80.886076,88.915396,82.588782,84.738062,85.988513
Mt CO2,Senegal,1.215743,1.250851,1.379128,1.469605,1.609257,1.676251,1.818236,1.76294,1.954134,2.040625,2.002294,1.92602,1.907434,2.039982,2.124697,2.042655,2.068894,1.967231,2.079177,2.133389,2.128483,2.322301,2.264493,2.326709,2.478529,2.597371,2.868096,3.191916,3.555822,3.521497,3.8357,3.916607,3.809677,4.438918,4.626203,4.437371,4.981105,5.218785,5.374331,5.460983,5.787961,5.669916,6.003101,6.685095,7.516857,8.159977,8.311532
Mt CO2,South Africa,157.114049,162.895135,178.462552,185.319902,202.998951,216.842805,217.293049,194.728749,198.764867,208.410963,219.461284,216.061558,207.999836,220.366731,222.952718,219.470727,234.733604,233.463087,236.849133,243.841742,238.70195,235.39361,242.839839,248.157173,259.773474,269.596588,284.044564,291.986701,274.279527,280.527092,316.490523,326.837737,348.267835,375.307942,372.313634,374.190071,391.520354,421.60686,398.622983,418.800964,403.433982,420.993287,430.755113,442.494723,418.258797,418.658117,421.682392
Mt CO2,South Sudan,..,..,..,..,..,..,..,..,..,..,..,..,..,..,..,..,..,..,..,..,..,..,..,..,..,..,..,..,..,..,..,..,..,..,..,..,..,..,..,..,..,1.437697,1.47545,1.554697,2.001328,1.765239,1.549031
Mt CO2,Sudan,3.214101,3.40838,4.546732,4.269517,3.212724,3.187272,3.394339,3.08119,3.143836,3.668349,3.58035,3.683504,3.755171,3.332012,3.980398,3.917559,3.001866,4.380945,3.953016,5.295628,4.733532,4.427454,3.09084,4.595561,4.308578,4.104243,5.074408,4.624786,5.091085,5.486143,6.017397,7.461757,7.642494,8.386446,9.927598,12.357718,13.29582,14.416562,14.7375,15.122702,14.206025,13.86677,13.112352,13.983064,16.354488,18.92266,18.777895
Mt CO2,United Rep. of Tanzania,1.40302,1.639618,1.672532,1.504019,1.405116,1.37833,1.389029,1.486589,1.524441,1.490209,1.470966,1.348626,1.368642,1.388699,1.463256,1.54363,1.538063,1.585175,1.602049,1.670508,1.644437,1.638549,1.695237,1.781511,2.492046,2.775189,2.635113,2.377083,2.179323,2.609612,2.765892,3.154326,3.29559,4.57197,5.118673,5.453922,5.275357,5.397551,5.181092,6.216798,7.338101,8.88039,9.893453,9.631775,10.472963,9.676776,10.13179
Mt CO2,Togo,0.34348,0.359389,0.304709,0.272966,0.317366,0.268867,0.341817,0.341609,0.413016,0.366446,0.364336,0.433069,0.299587,0.340392,0.296704,0.482043,0.523293,0.507088,0.513386,0.575191,0.524211,0.375015,0.25309,0.58911,0.579397,0.945054,0.661513,0.825618,1.092465,0.948868,0.781264,0.852204,1.090363,1.029607,0.963204,0.887183,0.892707,1.096276,2.275963,2.076229,1.887314,1.624766,1.716469,1.811379,1.906291,1.997993,2.082434
Mt CO2,Tunisia,3.720528,4.140034,4.23004,4.780959,4.846357,5.136259,5.744272,6.263881,7.321541,7.920133,8.142169,7.935557,9.122243,9.406497,9.661523,9.926558,9.974335,10.806669,11.668419,12.195735,12.533539,13.28341,13.703848,13.794887,14.035985,14.772056,15.427013,16.097814,16.89543,17.637839,18.508267,18.526039,18.341231,19.046303,19.47277,20.164077,20.978275,21.057747,21.139471,23.293569,22.244906,23.474414,23.645011,25.036033,25.614897,25.212344,26.156972
Mt CO2,Zambia,3.367956,3.781046,4.134305,4.130575,4.326456,4.309655,3.800083,3.627813,3.243647,3.280686,2.961602,2.838322,2.72511,2.739322,2.696412,2.781247,2.708517,3.022669,3.11194,2.561421,2.725755,2.705995,2.371446,2.029496,2.002364,1.620292,2.129496,2.030737,1.642455,1.653556,1.748671,1.830703,1.944402,1.950987,2.120692,1.958412,1.331986,1.507764,1.572984,1.636973,1.983143,2.718055,2.852717,3.189165,3.475653,3.731899,6.007872
Mt CO2,Zimbabwe,7.246331,6.867484,8.006572,7.658104,7.16925,7.986329,6.915968,7.072354,7.024612,7.974013,7.94862,7.763989,8.014052,8.300128,9.730003,10.935933,14.403584,14.028603,14.414758,16.248076,17.946361,18.101249,16.666906,15.523941,15.089219,14.455191,13.379317,13.627038,15.413219,13.291761,13.575128,12.245036,10.015263,9.568751,10.272774,9.557691,9.616183,7.448904,7.480856,9.464714,11.141014,11.519006,11.817134,11.552864,11.822362,10.3689,9.714938
Mt CO2,Other Africa,8.595536,8.496169,8.732067,9.347611,9.885997,10.792783,11.300179,10.485992,12.265088,13.502881,10.974272,10.131718,10.192305,10.171577,10.819849,10.730518,13.911729,14.15043,13.835444,14.199287,14.730837,14.983033,15.13485,15.961892,16.530991,17.011684,18.703288,19.652293,20.330905,20.819194,22.155918,22.27737,23.719026,25.114697,26.730255,28.22356,28.592173,32.371195,32.585069,34.728455,30.886967,32.186327,32.905807,33.175111,34.639614,35.063324,36.327491
Mt CO2,Africa,249.199196,263.998703,285.662788,299.443885,324.258552,352.59266,362.916659,352.337832,369.690499,397.887532,421.774119,431.097012,437.34116,453.223988,465.64847,470.765234,499.408115,510.115412,522.211763,530.649905,535.451682,544.506452,553.163734,553.729475,578.447711,600.639522,633.412422,650.014033,650.24955,663.03422,726.428832,751.371435,785.920301,835.76663,865.18932,882.133024,916.449652,975.598259,964.906614,1017.908892,1012.989382,1070.356558,1118.746389,1165.576061,1156.685153,1165.548874,1185.057223
Mt CO2,Bangladesh,2.879934,2.879934,3.415264,3.895908,4.409654,4.682437,4.803017,5.190365,5.700371,6.581847,6.374086,6.885417,6.433646,6.390676,7.705068,8.522215,9.400715,9.761224,10.49572,11.423971,10.752097,11.748149,12.495181,13.471703,16.485473,16.671599,18.741427,18.980911,19.67457,20.946409,24.843932,26.550055,27.794844,29.741979,31.960244,35.202812,37.310312,40.881798,44.050973,49.899502,53.297254,57.318837,59.835786,63.046901,70.895346,72.943639,78.27017
Mt CO2,Brunei Darussalam,0.39805,0.385554,0.685174,1.142141,1.408173,1.85165,1.985738,1.87086,1.96415,2.639083,2.592829,2.706274,2.906486,2.931128,2.945928,2.939511,2.994496,3.132615,3.109555,3.260338,3.384467,3.58543,3.86477,4.138511,4.502607,4.712813,5.087993,4.313865,4.189516,4.425618,4.311228,4.361483,5.249015,4.920269,4.823126,7.216328,6.844039,7.223355,7.433705,6.861946,7.013411,6.969681,6.853818,6.69714,5.977692,6.411543,6.710178
Mt CO2,Cambodia,..,..,..,..,..,..,..,..,..,..,..,..,..,..,..,..,..,..,..,..,..,..,..,..,1.470828,1.529809,1.640639,1.882193,1.907148,1.963006,2.15261,2.210863,2.378217,2.377826,2.639032,2.944559,3.571214,3.650335,4.369845,4.62182,4.845225,5.05419,5.171265,6.098246,8.011977,9.287497,10.762923
Mt CO2,DPR of Korea,69.212076,71.535841,72.854708,75.905987,78.598511,84.568737,89.49878,94.861217,101.686411,108.129908,111.334224,116.566797,121.169471,124.409896,129.448215,127.090598,121.587499,123.439929,122.694632,116.84789,110.841742,97.78562,89.805761,81.858897,76.532289,67.126522,64.687911,59.646616,64.961365,69.968932,72.31511,69.072968,70.533249,72.092714,75.340154,76.534134,63.274758,70.381463,52.918936,49.292798,34.658929,36.052416,25.106143,28.676326,22.545503,25.426726,19.579698
Mt CO2,India,181.056376,188.294281,188.084387,203.438294,217.193593,232.139549,236.5238,230.977738,250.569717,263.328833,289.519447,308.313421,328.942487,360.2643,376.237076,410.022452,441.814329,466.282253,500.824621,529.055936,570.359766,593.757204,619.074373,653.455933,703.332012,736.179644,775.804869,790.262887,850.990377,885.052057,899.368053,929.504933,950.281245,1022.31659,1073.700993,1147.671261,1260.854573,1338.923555,1502.255543,1583.431201,1667.764769,1803.763778,1854.784915,2018.244235,2026.704698,2057.682254,2161.567072
Mt CO2,Indonesia,25.211612,28.345325,32.111295,35.255924,37.839826,38.800366,46.374743,52.542092,59.381316,67.615846,73.105932,75.719577,75.485867,76.652795,84.233249,93.75569,96.166835,105.144355,109.706297,134.238293,144.891723,152.713444,165.845113,178.75878,204.206565,214.605041,236.370382,243.051443,262.481596,255.411077,274.460165,280.089586,308.794189,316.044478,317.824312,339.302458,355.435167,349.106115,360.626745,357.646151,390.317956,415.213004,417.982361,456.887111,459.139082,454.267119,496.406275
Mt CO2,Malaysia,12.7988,12.598451,13.024393,15.239512,16.217173,17.653624,17.505987,19.45155,21.743216,23.701845,25.36394,26.565448,29.456536,30.034863,32.910606,32.343434,33.742331,35.669567,41.848968,49.602675,59.943934,62.917252,67.759846,72.995447,79.589944,90.916783,97.293865,97.714667,106.343651,115.058945,120.445664,126.499631,132.792606,146.572513,155.842735,161.80455,178.056273,190.309585,169.809685,189.860901,191.49175,192.982776,209.077335,220.552885,220.437513,216.236083,211.046967
Mt CO2,Mongolia,..,..,..,..,..,..,..,..,..,..,..,..,..,..,11.761986,12.783153,13.54481,14.394702,13.657994,12.838965,14.673338,12.808868,11.82691,10.292679,10.235411,8.65076,8.477283,8.508039,8.567944,8.962385,8.945106,9.54934,9.251454,9.505726,10.984928,12.330981,12.909351,12.851063,13.538675,14.139533,15.572443,16.984529,18.287737,17.939589,17.118652,17.981117,19.276
Mt CO2,Myanmar,4.51245,4.394079,3.442839,4.02564,3.927468,4.193414,4.48422,4.637676,4.765234,5.072258,5.014248,5.150181,4.980085,5.481709,5.734879,6.058577,4.515227,4.279004,4.179898,3.914254,3.834927,4.089646,4.651183,5.456661,6.727112,7.105212,7.039295,7.765554,8.572831,9.282086,8.200056,8.082188,10.259271,9.921083,10.477314,9.714564,10.116776,7.608118,7.213886,7.906445,8.102464,11.447014,13.168292,16.537996,18.671324,20.899074,30.404919
Mt CO2,Nepal,0.190164,0.259621,0.394329,0.373918,0.318654,0.244249,0.28875,0.282386,0.453753,0.519432,0.444525,0.507679,0.725599,0.793742,0.551256,0.739356,0.747413,0.739812,0.578502,0.895188,1.126887,1.137413,1.298537,1.616301,1.76315,1.834007,2.100366,2.202562,3.006676,3.100119,3.350177,2.670826,2.904546,2.696735,3.074201,2.500867,2.57814,2.882196,3.427183,4.121846,4.404946,4.971779,4.944811,5.94916,5.694237,8.503721,10.113953
Mt CO2,Pakistan,15.872606,16.000198,16.989654,17.959063,19.981642,19.092109,20.301552,21.283489,22.971991,24.315825,26.266098,29.179347,30.63301,33.067204,36.498746,38.504423,45.196363,49.014615,53.23514,55.974007,57.146832,63.75284,70.364227,72.958119,79.248729,82.219065,85.676071,86.569974,94.875036,94.385051,95.401106,97.90849,100.489365,112.709614,114.969678,124.417223,136.348318,130.404249,133.727865,129.168625,130.670045,132.270774,133.081933,141.296463,150.688547,164.184363,183.447068
Mt CO2,Philippines,23.786286,24.69391,27.698282,26.556041,29.244261,29.05613,32.398885,33.724597,34.937834,32.621289,30.840902,31.113142,33.203111,29.588061,29.268471,27.086015,33.319918,34.997507,36.653882,38.051236,37.339882,40.829195,44.006148,47.36148,57.257517,62.157643,69.046937,69.434355,67.09936,68.130898,67.8777,66.845947,69.02883,70.527131,71.501652,65.547401,69.021642,71.179449,71.467864,77.128398,77.755475,80.408283,89.649782,95.71423,103.891197,114.751784,126.487694
Mt CO2,Singapore,6.059211,7.22202,8.121994,8.464359,8.439735,9.121566,10.179076,11.755671,12.673412,12.657553,13.531367,14.008146,15.111561,15.700486,16.604537,16.827283,17.233737,19.704493,21.091321,28.970008,30.47488,31.410865,36.164236,37.978755,37.581859,38.520116,38.161639,37.047107,37.802098,42.117548,42.031287,41.290841,38.15768,39.618758,36.901353,37.171597,38.286019,38.426592,38.831762,42.413616,44.763911,43.692284,43.917804,44.459324,45.49601,46.065234,47.407144
Mt CO2,Sri Lanka,2.757893,3.390964,3.533886,2.887007,2.637329,2.686088,2.905122,3.337852,3.625343,3.623598,3.759472,4.220681,4.445609,3.81764,3.485027,3.433691,3.965001,3.766497,3.587113,3.676208,3.822635,4.916224,4.816772,5.39157,5.454193,7.979738,7.950367,8.255429,9.102578,10.522688,10.403373,10.978487,11.949269,12.31365,13.39291,11.780162,12.937259,12.123205,11.566172,12.40876,14.673145,16.06775,13.740667,16.880141,19.489878,20.898562,23.103271
Mt CO2,Chinese Taipei,29.783034,33.867922,38.097224,37.136434,40.743958,49.206281,53.014977,60.343927,64.098657,71.390918,65.386718,65.017539,69.466792,71.347468,69.105273,81.154865,85.97932,100.229513,109.005125,111.121938,119.977857,128.205086,137.694947,145.778487,154.001192,162.370767,174.477457,186.689398,195.67157,214.359025,219.711618,228.186276,238.018107,246.357933,253.971752,261.496385,265.401242,254.31363,242.108301,256.357747,255.458233,247.433756,248.654017,250.611384,250.739426,257.82498,268.877108
Mt CO2,Thailand,16.242989,18.274131,20.717229,20.647901,21.151546,24.114394,26.747402,30.008132,32.091515,33.743672,32.559023,31.130056,34.59315,37.998561,42.058571,43.378321,49.995681,57.105329,66.177714,80.884028,90.012958,98.168643,110.650162,123.520636,139.93848,157.117163,160.972755,146.02567,151.719142,152.285498,159.993908,169.401921,177.112228,193.810027,200.203804,201.675955,209.446113,215.179331,207.212103,223.418643,221.780469,238.971877,247.458873,244.069637,248.039678,244.124879,244.254785
Mt CO2,Viet Nam,16.293834,15.903088,17.596204,14.41353,16.953904,11.766228,12.738559,13.406579,14.189147,14.903583,15.288506,16.447393,17.495595,17.379334,17.434722,19.116896,21.584731,20.907613,17.630514,17.388247,17.084085,17.687439,21.120162,23.421168,27.462105,30.902736,36.401705,40.225201,40.280361,44.237925,48.811068,57.187685,60.316876,73.549402,79.230185,81.577544,90.003941,101.243758,111.993506,126.659264,125.997063,125.185992,130.490981,144.37974,182.588799,193.611788,191.243601
Mt CO2,Other Asia,10.572599,10.396564,11.584728,13.679103,12.761011,12.446482,13.987812,14.330223,15.89533,16.660366,17.143814,16.701952,18.070107,18.516018,10.163354,9.683824,10.20993,9.959809,9.933592,10.255352,10.080724,9.268508,9.250987,9.820681,9.332236,9.808781,10.10259,10.590724,10.726138,11.365151,12.216774,12.430323,13.375846,14.915431,15.580221,15.966218,15.493812,17.260303,19.1974,22.131547,29.573142,28.010862,27.759663,28.934142,38.446083,45.678803,50.203967
Mt CO2,People's Rep. of China,780.185035,831.391074,864.162164,881.732495,1029.31944,1071.332089,1212.911796,1371.803873,1396.172436,1363.829588,1356.638636,1413.444354,1484.993606,1619.385521,1626.027131,1721.417906,1842.602848,1985.477642,2055.351947,2088.854238,2200.885206,2295.775295,2500.729949,2599.5029,2900.265046,2871.980724,2925.748702,3020.716711,2920.896797,3099.685154,3255.951126,3511.727723,4068.094745,4741.830883,5407.51803,5961.808473,6473.211479,6669.111668,7131.511865,7832.716615,8570.926184,8819.604803,9190.501197,9127.211491,9101.375985,9064.428642,9257.9339
Mt CO2,"Hong Kong, China",9.229432,9.559367,9.629659,11.005085,10.897089,12.604471,14.560916,15.443159,14.278741,14.606744,15.7908,17.134789,19.562412,21.304941,22.30616,25.265865,27.762493,31.021049,32.377501,33.301683,36.221223,40.746733,43.190713,36.444238,36.527226,35.23401,32.766377,41.443865,44.468373,40.347311,41.449813,40.123061,42.818591,40.910728,41.332022,42.320555,44.032254,42.858175,46.247113,41.997165,45.648905,45.099344,46.051431,47.913659,43.91731,44.728626,44.034675
Mt CO2,Argentina,82.518856,83.568664,87.346547,87.346588,85.231756,89.361549,93.036328,92.362447,97.480778,95.203787,94.001298,92.515262,94.753961,93.1963,87.77928,96.475915,101.167132,106.605597,104.722302,99.416875,104.799444,106.607837,107.358171,114.935365,117.327938,124.859923,130.833382,135.397736,139.33635,139.355594,128.858889,121.644881,130.844095,146.57504,149.47604,158.756607,165.612783,176.704997,168.915982,173.768538,181.236086,185.782647,181.004269,184.764378,190.384899,190.51204,183.375203
Mt CO2,Bolivia,2.183165,2.397195,2.529484,2.737852,3.224491,3.526201,3.751803,4.066274,4.075837,4.20838,4.532787,4.876068,4.938973,4.587414,4.313546,4.156148,4.34763,4.265293,4.72565,5.153022,5.173094,5.411787,5.632634,6.101759,6.893805,6.468066,6.493556,6.939738,6.546289,7.106598,6.813227,7.151502,7.825964,8.526656,8.975809,9.785122,10.713718,11.669457,12.324391,13.637623,14.853897,16.646845,16.81135,18.204941,18.099998,20.126218,21.89918
Mt CO2,Brazil,87.482762,95.121976,112.08633,121.847281,129.628181,143.116898,146.985048,160.15253,169.699513,167.799186,156.339116,156.30513,148.368501,148.508181,156.328184,174.904076,179.534651,182.642212,184.774314,184.461974,191.37839,195.938311,203.156294,210.660745,228.000209,246.282829,263.33976,270.965359,280.07303,292.849662,299.568987,299.010083,293.298182,310.810549,311.623799,315.152972,330.759555,349.288692,325.497578,372.003618,391.086606,424.086627,453.474508,477.793116,453.633529,418.523728,427.632717
Mt CO2,Colombia,26.678965,27.327007,28.665865,30.819718,28.297258,30.023444,31.030867,33.015425,33.376454,34.805299,34.936088,35.495666,37.36616,37.800241,39.473328,40.162345,42.61389,43.088248,44.830874,45.78911,47.522121,49.452516,52.131643,52.17323,54.457808,54.364366,58.929854,59.350936,52.017325,54.1763,54.643268,52.521934,51.850611,51.982775,53.5853,53.658699,54.768847,55.630794,59.043569,60.224103,65.410075,65.23079,75.092369,77.827713,77.609792,87.720859,75.291911
Mt CO2,Costa Rica,1.273221,1.424178,1.629287,1.576507,1.738003,1.80165,2.280722,2.444064,2.430977,2.158296,2.017838,1.684629,1.72967,1.845311,1.948536,2.056879,2.203897,2.309376,2.628473,2.603601,2.759831,3.847132,3.811091,4.44677,4.438795,4.173394,4.091782,4.551688,4.56463,4.499209,4.912859,5.025841,5.340754,5.335754,5.463059,6.000466,6.700225,6.706057,6.388951,6.622054,6.910338,6.927642,7.236279,7.275832,6.94023,7.488019,7.584411
Mt CO2,Cuba,20.813546,20.234647,21.702838,23.557074,24.184624,25.137717,27.472378,29.714283,29.685228,30.492048,30.381753,30.518624,33.202575,34.643657,32.178767,32.761965,34.603885,36.520609,37.747625,34.116558,26.562558,21.231716,19.635145,21.148496,22.448802,24.405487,26.397965,26.051732,26.900297,27.343782,26.465535,25.240962,24.50273,24.223932,25.051431,25.442477,26.31291,25.468898,26.296927,29.508746,27.812486,28.089417,26.648096,26.207599,26.84168,27.791025,26.215665
Mt CO2,Curaçao,14.514366,14.112515,15.607217,14.122548,10.195285,10.847666,10.981704,9.270318,9.180926,8.676232,8.040503,7.294269,6.827286,6.689144,4.497631,4.295493,3.963707,3.457732,2.955082,2.664753,2.764218,2.860177,2.324581,2.627618,2.633531,2.660956,5.261618,5.43361,5.400826,5.620901,5.657879,5.412247,5.428458,5.669472,5.977663,5.883453,6.392661,6.327339,5.930754,4.378255,5.496684,4.461795,4.304512,4.623429,4.691214,4.150776,3.748132
Mt CO2,Dominican Republic,3.485648,4.572649,4.636073,4.998163,5.213329,5.347045,5.677994,5.829988,6.150973,6.329212,6.000195,5.794147,6.754477,7.079087,6.234306,7.069608,8.082915,8.133109,8.668528,7.403191,7.697152,9.032718,8.973932,10.590285,11.221463,12.025153,13.717811,15.806193,16.812945,17.595221,17.8108,19.588636,17.503658,16.154859,17.522139,18.786072,18.937533,18.866365,18.105931,19.021523,19.309773,20.035774,19.589982,19.456968,21.519849,22.534306,21.43038
Mt CO2,Ecuador,3.494978,3.521572,3.967888,5.235338,5.935604,6.862997,8.096243,9.238904,9.699261,10.407166,11.801047,11.823018,11.093483,11.188183,11.665556,11.915399,11.624474,12.291645,12.022618,13.321492,13.914198,14.826013,14.044413,14.908078,16.691131,19.21079,20.43657,20.406811,16.520823,18.138334,19.290923,19.808711,19.595365,22.214212,23.926725,25.42396,26.681382,26.658121,29.358456,32.749762,32.855193,34.088693,35.754795,38.543228,37.357272,35.393138,34.299317
Mt CO2,El Salvador,1.304512,1.532042,1.688563,1.698276,1.929707,1.952711,2.015362,2.024939,1.937137,1.595942,1.500302,1.484624,1.48992,1.5179,1.640679,1.621674,2.000047,2.088096,2.037808,2.106603,2.773216,3.173513,3.552944,4.09419,4.573345,3.983594,4.873315,5.207947,5.165933,5.174894,5.511765,5.534952,5.911064,5.931363,6.252815,6.523559,6.92343,6.143442,6.035602,5.826204,6.013437,6.013939,5.727543,5.852064,6.389271,6.372143,5.735668
Mt CO2,Guatemala,2.26419,2.49315,2.630933,2.714006,3.015686,2.897052,3.342738,3.75494,4.21527,4.213934,3.635699,3.189331,2.746414,3.094064,3.183813,2.319766,2.719942,2.905737,3.037567,3.206929,3.410717,4.225832,4.627181,4.917245,5.85899,5.719038,6.002673,7.645175,7.516597,8.582302,8.989809,9.653078,9.642004,10.237483,10.621597,10.630962,11.475939,10.252402,11.231544,10.272703,10.567827,10.962022,11.834616,12.705648,15.164376,16.261135,15.703161
Mt CO2,Haiti,0.378568,0.355967,0.365385,0.408776,0.412844,0.569452,0.595034,0.645046,0.651935,0.62034,0.521503,0.668709,0.749612,0.779134,0.796137,0.740572,0.812901,0.886395,0.934805,0.934148,0.893794,0.814937,0.651536,0.189015,0.902323,1.058212,1.274188,1.300996,1.354859,1.383769,1.514221,1.732307,1.641555,1.89039,1.980992,2.025273,2.3168,2.3168,2.23913,2.095144,2.140475,2.081918,2.165803,2.762665,3.208933,3.250079,3.293125
Mt CO2,Honduras,1.123192,1.158467,1.266173,1.249289,1.327971,1.421382,1.578267,1.584455,1.684669,1.695725,1.611652,1.595442,1.762725,1.864606,1.671582,1.70131,1.900198,2.095412,2.318728,2.177192,2.163136,2.463117,2.601679,2.999878,3.575392,3.520901,3.620726,4.324058,4.360525,4.487715,5.290766,5.620189,6.24616,7.035836,7.192737,6.430913,8.150109,7.919782,7.557156,7.535444,8.245027,8.563247,8.779541,8.48056,9.558552,9.132171,9.42674
Mt CO2,Jamaica,5.535338,6.084397,8.067099,7.415011,7.448304,6.205195,6.843942,7.000483,7.00646,6.543542,6.523275,5.568441,5.535744,5.217229,4.669488,4.421217,4.690494,4.876168,6.300463,7.24573,7.213088,7.907485,8.098002,8.155319,8.417,8.773247,8.960265,9.461793,9.738746,9.79041,9.817042,9.971391,10.281151,10.256827,10.281648,11.745439,11.752897,9.539431,7.393225,6.93089,7.207868,6.88073,7.322934,7.129118,6.992686,7.524926,6.971666
Mt CO2,Nicaragua,1.48648,1.526743,1.6687,1.837817,1.849605,2.122074,2.614402,2.353727,1.53856,1.8074,1.889557,1.87333,1.956443,1.790694,1.805723,2.131563,2.163662,1.922372,1.708569,1.83922,1.816071,2.116121,2.089146,2.392728,2.513712,2.66239,2.85883,3.358084,3.392318,3.542102,3.711189,3.832414,3.953137,4.105781,4.032083,4.245508,4.363378,4.190988,4.166694,4.27715,4.468531,4.436338,4.227338,4.516523,5.054947,5.112604,5.106281
Mt CO2,Panama,2.486548,2.660544,2.917585,2.978268,3.096657,3.092588,3.070677,2.902162,3.059528,2.91099,2.522492,2.961885,3.394105,2.813344,2.666133,2.749261,3.053915,2.390267,2.495059,2.56342,2.995382,3.527763,3.549679,3.772839,4.091661,4.129179,4.337951,5.401175,4.68859,4.87777,5.869649,5.099018,5.202886,5.290719,6.776118,7.159286,7.056916,6.550758,8.034771,8.878513,9.527086,9.783195,9.899352,10.636012,10.102101,10.191378,9.612198
Mt CO2,Paraguay,0.571145,0.630896,0.703103,0.666169,0.703543,0.779567,1.117867,1.401695,1.346566,1.347049,1.308657,1.311697,1.249112,1.395992,1.422914,1.467409,1.611565,1.844501,1.830604,1.929829,1.884365,2.254322,2.6075,3.070872,3.489665,3.44839,3.833791,4.019593,4.026969,3.281664,3.414675,3.589508,3.712996,3.763342,3.472665,3.604743,3.736907,3.951832,4.100728,4.791954,5.016166,5.189054,5.082017,5.334488,5.849183,6.803062,7.654689
Mt CO2,Peru,15.390068,15.402703,16.252576,17.490844,18.240381,18.513808,18.18615,18.361593,19.198236,20.402545,21.248448,21.068801,17.775324,18.601187,18.051923,19.331321,20.901602,21.265196,19.307941,19.151453,18.540999,19.360974,20.031106,20.549576,23.310638,25.680164,25.412637,24.421357,26.85635,26.402615,24.337209,25.525392,24.875713,28.768292,28.632888,28.03185,30.924403,35.209581,37.747353,41.544007,44.92097,44.070715,45.182415,48.111009,49.724806,52.186698,49.693643
Mt CO2,Suriname,..,..,..,..,..,..,..,..,..,..,..,..,..,..,..,..,..,..,..,..,..,..,..,..,..,..,..,..,..,1.453535,1.484431,1.080105,1.199083,1.358607,1.652793,1.494424,1.375903,1.420054,1.418218,1.695676,1.787672,2.002733,1.965031,1.992602,2.063356,1.90988,1.928134
Mt CO2,Trinidad and Tobago,5.368951,5.472722,5.667528,5.194405,4.57518,5.183822,5.939647,5.878389,5.917776,6.370101,7.205662,7.02123,6.636807,6.753663,6.654053,6.827376,7.17804,7.722959,7.594772,7.90116,7.809563,8.168049,7.870406,8.062188,8.163496,8.497382,9.111626,9.478864,9.479932,9.775159,11.346343,12.710333,14.973121,15.428803,17.175823,19.152553,21.352888,21.170093,19.832649,21.849145,21.79456,21.623042,22.248269,23.063719,21.280034,17.457045,18.007573
Mt CO2,Uruguay,5.099037,5.567495,5.218391,5.036873,5.333968,5.46368,5.37865,5.466872,5.94873,5.338523,4.793541,4.458356,3.579293,3.211307,3.010832,2.962161,3.321117,4.27567,4.619508,3.599819,4.127402,4.508031,4.240986,3.933633,4.391965,5.133205,5.190128,5.347509,6.403026,5.090653,4.545794,4.14956,4.075859,5.20232,5.151871,6.082907,5.571623,7.46823,7.452967,5.959638,7.223777,8.187316,7.114949,6.267575,6.374932,6.325631,5.872957
Mt CO2,Venezuela,45.912843,47.404034,55.039786,56.264607,56.070364,59.47076,61.603139,67.006458,76.362663,83.370083,84.542933,85.40718,84.912646,85.039963,85.139411,84.895519,83.990595,84.910738,91.603222,93.587092,92.35801,94.550942,100.207953,100.803445,106.098113,114.098435,118.811648,119.70028,109.3453,116.210493,123.343698,122.717161,122.556535,127.77562,137.701548,133.589038,129.850593,159.40226,160.509339,171.468892,145.718946,164.035587,152.193276,151.608047,140.538724,127.366139,113.717543
Mt CO2,Other Non-OECD Americas,8.186185,9.484772,10.402494,8.575003,10.868678,9.589035,10.612284,11.011304,10.337614,10.263183,10.657118,9.612718,8.603936,9.308795,9.236559,9.907606,11.10602,11.522045,12.0274,12.419919,12.70742,12.349361,12.493944,12.799442,13.384143,13.456891,13.624184,14.128915,14.421164,14.087344,14.908768,14.421437,14.92215,15.280776,14.719585,14.688888,15.5708,15.547434,15.970803,16.655304,11.965219,14.814208,15.791347,15.280428,14.928571,15.486952,9.816308
Mt CO2,Bahrain,2.89375,3.301257,4.267854,5.049697,5.229829,5.684432,6.297152,6.677345,7.137318,7.239605,7.76238,8.140446,8.467067,8.662289,9.099749,9.775501,9.618885,10.124097,10.266868,10.67977,10.285376,12.17994,12.97847,13.282185,13.457588,14.093192,14.349014,15.419684,15.394167,15.843119,16.353671,17.19747,17.90741,17.789201,20.564912,22.35459,22.866845,24.615976,24.478322,25.551566,25.5737,26.100963,28.292683,29.695139,30.072802,29.638922,29.813834
Mt CO2,Islamic Rep. of Iran,38.90385,43.018533,51.987425,58.70695,68.032544,77.827619,87.472493,86.548198,95.753766,88.499924,90.517705,102.307231,122.994057,133.200507,145.047521,134.59878,143.967531,147.478527,162.747139,171.245614,191.270402,206.421681,208.881739,238.343622,244.569989,251.257752,263.606035,266.084309,298.55502,312.265373,327.350672,343.057362,357.393759,385.876048,417.780642,449.259945,480.064819,487.344413,504.28744,498.60787,507.801752,512.345211,535.980432,556.684117,553.300897,554.410488,567.123294
Mt CO2,Iraq,10.317717,11.495864,11.807706,12.827445,15.538682,19.28221,20.178715,22.717821,26.533044,26.233201,25.257805,27.165118,31.392922,33.788173,37.97435,42.46069,44.010257,49.327634,54.456713,52.412387,43.382301,66.405681,87.844062,98.808003,95.14489,97.47167,114.188746,79.193675,60.907129,70.503445,80.279409,75.127374,69.585234,72.87342,73.175677,68.981641,62.715441,72.787954,92.306772,103.576749,110.423394,126.55095,135.718179,140.885462,130.762392,140.33713,139.877659
Mt CO2,Jordan,1.351478,1.502173,1.721909,1.829317,2.151025,2.641021,2.798023,3.364461,3.464197,4.311927,5.259262,5.988904,6.531471,7.079123,7.474582,8.238996,8.68386,8.411899,8.510955,9.174481,9.216634,10.636273,10.769786,11.374282,12.194147,12.467323,13.086609,13.574961,13.583796,14.246473,14.121049,15.005345,14.819555,16.697456,17.922443,18.310115,19.215726,18.505856,19.284146,18.801144,19.815357,22.670995,22.343731,24.000633,23.785053,23.834961,25.55014
Mt CO2,Kuwait,14.037319,15.457532,16.255438,15.712203,15.107406,16.472991,18.111186,20.002096,25.61693,26.431549,26.776632,30.313671,32.413589,33.072186,36.749463,40.198101,43.150541,52.354568,60.855491,27.80199,7.761026,22.108794,28.307517,32.650258,32.351708,31.444025,32.594859,38.846598,42.756229,46.30185,50.225549,52.231015,53.393456,56.238261,64.750023,67.309013,67.504013,71.594639,78.438724,77.004456,78.273888,77.43431,86.090085,82.22322,91.638915,93.178766,89.420615
Mt CO2,Lebanon,4.581587,4.984535,6.387461,6.488247,5.709367,5.247473,4.612881,5.803474,6.29975,6.652979,6.333573,4.678657,5.194783,5.456357,6.61405,7.061642,7.231645,5.473164,5.514276,5.514276,6.948884,6.897845,10.13527,11.11941,12.829853,13.341125,15.281784,14.921432,15.700992,14.041815,15.202855,15.153892,15.106757,15.25803,14.523599,13.725843,12.012641,15.848255,19.360746,18.2933,18.597083,21.08113,20.705495,22.538012,24.61915,25.46051,26.931044
Mt CO2,Oman,0.256418,0.262776,0.290807,0.448978,0.72224,1.117322,1.310465,1.545424,1.889158,2.248345,2.507352,2.943549,3.894997,4.982019,5.636288,6.23097,6.309489,6.627584,6.846781,10.162419,14.104387,13.356609,12.581988,12.505456,14.691666,14.93329,14.987858,15.278254,17.488387,20.419105,23.015884,24.672962,25.285976,25.111495,25.181794,33.669938,37.090219,36.118058,38.513827,42.36774,48.765169,54.341128,56.491107,59.642819,63.636288,63.137552,65.49856
Mt CO2,Qatar,2.240474,2.469786,3.456428,2.998563,4.927527,3.47853,4.047407,3.831656,6.210288,6.982121,8.478926,9.21632,9.559386,10.655332,10.685735,11.397005,11.634748,12.044357,12.829697,12.431991,13.731547,14.453934,15.269861,16.055832,16.831699,17.632731,19.179641,20.426688,22.554592,21.257766,22.477361,26.559287,27.85915,30.866828,33.211677,38.463634,43.99655,46.921888,48.040842,55.503424,62.494971,69.561812,71.288579,76.627172,77.645489,79.084102,80.116551
Mt CO2,Saudi Arabia,12.678676,14.409906,17.566038,20.205112,22.518895,25.906123,34.43907,52.850383,73.640004,99.437037,112.982914,125.405467,134.862509,117.292676,117.802204,118.481562,130.196758,138.383257,138.045279,151.113969,157.30643,170.657295,180.822518,193.006547,191.6531,203.527024,205.71737,220.203405,226.146605,234.61663,238.287581,255.31861,266.341912,282.109078,298.036626,316.647414,333.178922,364.251378,379.467718,419.163541,434.637466,463.416498,471.131152,506.685656,531.554326,526.887374,532.181611
Mt CO2,Syrian Arab Republic ,5.43466,5.143147,4.930734,6.984725,8.260522,9.28906,10.06045,10.151429,13.339385,12.328176,13.869464,16.593166,19.561478,22.043922,19.536172,20.97891,23.803495,24.442722,23.830166,27.22996,29.78813,28.290407,28.270612,29.402617,31.132913,34.245485,34.522842,37.530355,36.569237,37.02849,38.9067,39.815105,40.035773,42.492212,53.466192,56.694149,59.993537,61.87622,57.02075,57.270529,53.7153,43.737771,28.735328,25.441199,23.872123,23.086043,23.031045
Mt CO2,United Arab Emirates,2.46316,2.585426,3.233522,3.371135,4.919173,6.371012,10.603244,12.250029,14.498958,19.224044,23.33251,25.573032,24.701012,31.891136,35.63627,40.031048,44.23706,45.4662,51.981932,51.887233,59.165469,56.563574,59.612094,65.587859,69.659182,72.728666,76.671245,78.428724,80.6307,79.851426,92.546149,94.56474,98.794229,105.02198,111.145283,115.048814,124.186843,146.520432,148.543136,154.590032,158.154333,168.504575,176.752109,176.420079,186.575572,192.070738,196.510174
Mt CO2,Yemen,1.202551,1.454611,1.861904,1.843756,1.752491,2.178356,2.194749,2.43593,2.635676,3.477099,3.497697,3.995751,4.426258,4.525293,4.857042,5.140599,5.645353,6.087412,6.338936,6.296831,8.146404,8.801143,7.796089,8.156052,9.436415,9.670132,10.359396,11.262898,12.599914,13.348566,14.517273,14.56285,16.84238,17.846268,18.836222,18.893315,20.003286,21.254518,23.468288,22.388934,19.804942,18.118959,24.648492,24.150257,11.662059,9.389446,8.919998
