FIPS,State_ID,county_allocation_factor
56045,56,0.011359121
56043,56,0.009921376
56041,56,0.042210257
56039,56,0.051530703
56037,56,0.11697051
56035,56,0.02513631
56033,56,0.032429188
56031,56,0.027843907
56029,56,0.048746141
56027,56,0.012698708
56025,56,0.084017649
56023,56,0.03372023
56021,56,0.120452545
56019,56,0.022475479
56017,56,0.008486873
56015,56,0.018603973
56013,56,0.065318849
56011,56,0.024491803
56009,56,0.039178811
56007,56,0.063833133
56005,56,0.066053618
56003,56,0.01950098
56001,56,0.055019835
55141,55,0.011640455
55139,55,0.027097865
55137,55,0.006642302
55135,55,0.010644337
55133,55,0.061120848
55131,55,0.024226735
55129,55,0.005792588
55127,55,0.02070817
55125,55,0.006838041
55123,55,0.005568739
55121,55,0.007712023
55119,55,0.003224637
55117,55,0.0166185
55115,55,0.012454134
55113,55,0.004604048
55111,55,0.014136754
55109,55,0.019878932
55107,55,0.003041353
55105,55,0.025086239
55103,55,0.003637996
55101,55,0.025998045
55099,55,0.003033037
55097,55,0.015357831
55095,55,0.007941633
55093,55,0.00587234
55091,55,0.001357153
55089,55,0.015566857
55087,55,0.026353423
55085,55,0.009371126
55083,55,0.010709028
55081,55,0.012181826
55079,55,0.103611159
55078,55,0.000822274
55077,55,0.005005032
55075,55,0.013546332
55073,55,0.028329998
55071,55,0.013373924
55069,55,0.009227389
55067,55,0.003913087
55065,55,0.004053609
55063,55,0.016750263
55061,55,0.003763014
55059,55,0.025214827
55057,55,0.011167252
55055,55,0.017021142
55053,55,0.009628405
55051,55,0.00184321
55049,55,0.007796905
55047,55,0.004207335
55045,55,0.00597146
55043,55,0.010281107
55041,55,0.002495822
55039,55,0.019890047
55037,55,0.001278952
55035,55,0.015943576
55033,55,0.010761505
55031,55,0.008212566
55029,55,0.007346272
55027,55,0.018183602
55025,55,0.079408247
55023,55,0.004363523
55021,55,0.016091529
55019,55,0.008487187
55017,55,0.013924309
55015,55,0.007268873
55013,55,0.003119131
55011,55,0.003619989
55009,55,0.037584366
55007,55,0.004764286
55005,55,0.01008559
55003,55,0.003017478
55001,55,0.004208433
54035,54,0.02355621
54033,54,0.046380546
54031,54,0.010971611
54029,54,0.007964304
54027,54,0.012321995
54025,54,0.02191017
54023,54,0.006511357
54021,54,0.003183827
54019,54,0.031381927
54017,54,0.010578892
54015,54,0.004716253
54013,54,0.00285143
54011,54,0.041984954
54009,54,0.01051355
54007,54,0.016881045
54005,54,0.016373649
54003,54,0.050845942
54001,54,0.007660639
54109,54,0.011501873
54107,54,0.039560746
54105,54,0.002786904
54103,54,0.009322313
54101,54,0.002979238
54099,54,0.017115868
54097,54,0.009592369
54095,54,0.004120608
54093,54,0.004684214
54091,54,0.00633255
54089,54,0.006239505
54087,54,0.007741646
54085,54,0.01039107
54083,54,0.013428305
54081,54,0.047469386
54079,54,0.031827672
54077,54,0.016167235
54075,54,0.00501084
54073,54,0.00540562
54071,54,0.004923395
54069,54,0.025325535
54067,54,0.020474802
54065,54,0.006889318
54063,54,0.004188826
54061,54,0.051618661
54059,54,0.015290196
54057,54,0.0102247
54055,54,0.042222469
54053,54,0.014637424
54051,54,0.013824022
54049,54,0.026046764
54047,54,0.009829325
54045,54,0.017262162
54043,54,0.008433903
54041,54,0.016492103
54039,54,0.110139923
54037,54,0.02391021
53077,53,0.032329887
53075,53,0.007476403
53073,53,0.028170578
53071,53,0.008878665
53069,53,0.000867256
53067,53,0.040332046
53065,53,0.006917558
53063,53,0.063801015
53061,53,0.094512785
53059,53,0.002877309
53057,53,0.025095671
53055,53,0.000791208
53053,53,0.108754688
53051,53,0.002329202
53049,53,0.004879625
53047,53,0.008434437
53045,53,0.009577582
53043,53,0.005217281
53041,53,0.018687186
53039,53,0.005187483
53037,53,0.019395903
53035,53,0.030025471
53033,53,0.27403132
53031,53,0.00664578
53029,53,0.008707049
53027,53,0.013289522
53025,53,0.017910566
53023,53,0.001030431
53021,53,0.011534696
53019,53,0.001885756
53017,53,0.007325387
53015,53,0.021587831
53013,53,0.00124047
53011,53,0.049073962
53009,53,0.011153381
53007,53,0.013048926
53005,53,0.026628326
53003,53,0.001776139
53001,53,0.008591219
51087,51,0.03411383
51085,51,0.020617025
51083,51,0.005196818
51081,51,0.003751948
51079,51,0.002315517
51077,51,0.001629556
51075,51,0.008589128
51073,51,0.005389377
51071,51,0.002867637
51069,51,0.0138326
51067,51,0.007108135
51065,51,0.002536984
51063,51,0.001744456
51061,51,0.017917873
51059,51,0.11756392
51057,51,0.002392857
51053,51,0.005664492
51051,51,0.001217323
51049,51,0.001126441
51047,51,0.006867246
51045,51,0.000471968
51043,51,0.004572459
51041,51,0.036359559
51037,51,0.001860133
51036,51,0.001036426
51035,51,0.006961575
51033,51,0.011332976
51031,51,0.008208841
51029,51,0.002266319
51027,51,0.002420553
51025,51,0.004603535
51023,51,0.00872689
51021,51,0.003141595
51019,51,0.008602195
51017,51,0.000677329
51015,51,0.015559011
51013,51,0.017313277
51011,51,0.002492784
51009,51,0.004758494
51007,51,0.002558262
51005,51,0.002948989
51003,51,0.018066083
51001,51,0.006520294
51840,51,0.001486406
51830,51,0.001059307
51820,51,0.001759413
51810,51,0.032365877
51800,51,0.012843889
51790,51,0.001498958
51775,51,0.001752663
51770,51,0.008280744
51760,51,0.018964575
51750,51,0.000651327
51740,51,0.006406721
51735,51,0.000373287
51730,51,0.004030852
51720,51,0.000422226
51710,51,0.022816168
51700,51,0.016739676
51690,51,0.000979103
51685,51,0.000321509
51683,51,0.002139927
51680,51,0.007539146
51678,51,0.000233153
51670,51,0.001436605
51660,51,0.003869032
51650,51,0.013846094
51640,51,0.000652222
51630,51,0.004150153
51620,51,0.000379971
51610,51,0.00060085
51600,51,0.002274753
51595,51,0.000786901
51590,51,0.004299162
51580,51,0.000427641
51570,51,0.00242427
51560,51,0
51550,51,0.024368895
51540,51,0.00265508
51530,51,0.000222358
51520,51,0.002599148
51515,51,0.000672307
51510,51,0.00882825
51199,51,0.009235017
51197,51,0.008940353
51195,51,0.004802818
51193,51,0.002046511
51191,51,0.008872127
51187,51,0.005834953
51185,51,0.004472436
51183,51,0.004981708
51181,51,0.000833095
51179,51,0.01816096
51177,51,0.017296355
51175,51,0.005219412
51173,51,0.00459622
51171,51,0.00987046
51169,51,0.003404145
51167,51,0.004074047
51165,51,0.012858694
51163,51,0.008580069
51161,51,0.010543545
51159,51,0.001764218
51157,51,0.001353084
51155,51,0.00583403
51153,51,0.042030657
51149,51,0.006862067
51147,51,0.003836825
51145,51,0.005139781
51143,51,0.008316806
51141,51,0.001958523
51139,51,0.002477206
51137,51,0.004624873
51135,51,0.002690417
51133,51,0.001455938
51131,51,0.004208885
51127,51,0.008081097
51125,51,0.003741784
51121,51,0.012160622
51119,51,0.001927884
51117,51,0.00675786
51115,51,0.001080263
51113,51,0.002981091
51111,51,0.001200075
51109,51,0.007025081
51107,51,0.032394562
51105,51,0.002929199
51103,51,0.001667912
51101,51,0.002264418
51099,51,0.005344946
51097,51,0.001669666
51095,51,0.00789832
51093,51,0.005604787
51091,51,0.000332294
51089,51,0.006700572
50027,50,0.133074215
50025,50,0.083745999
50023,50,0.093273726
50021,50,0.091629623
50019,50,0.040501986
50017,50,0.053404037
50015,50,0.044439757
50013,50,0.013471216
50011,50,0.063568959
50009,50,0.010241596
50007,50,0.198480039
50005,50,0.051457257
50003,50,0.061654013
50001,50,0.061057578
49057,49,0.057007533
49055,49,0.001975591
49053,49,0.053519646
49051,49,0.016920631
49049,49,0.147899441
49047,49,0.013648323
49045,49,0.025472865
49043,49,0.027867063
49041,49,0.012542378
49039,49,0.009943824
49037,49,0.014346724
49035,49,0.306712211
49033,49,0.002300966
49031,49,0.001197295
49029,49,0.005264348
49027,49,0.019814549
49025,49,0.007760228
49023,49,0.016038156
49021,49,0.028035022
49019,49,0.015705949
49017,49,0.006142926
49015,49,0.01630313
49013,49,0.015420484
49011,49,0.089206885
49009,49,0.001349195
49007,49,0.011520558
49005,49,0.02981645
49003,49,0.035570611
49001,49,0.010697018
48085,48,0.028920696
48083,48,0.000733593
48081,48,0.000348717
48079,48,0.00017852
48077,48,0.001336181
48075,48,0.000717343
48073,48,0.002101525
48071,48,0.003599275
48069,48,0.000512488
48067,48,0.001529871
48065,48,0.001183439
48063,48,0.000496947
48061,48,0.010452922
48059,48,0.001337794
48057,48,0.000982906
48055,48,0.002129552
48053,48,0.002563404
48051,48,0.001445934
48049,48,0.001519475
48047,48,0.001251729
48045,48,7.66E-05
48043,48,0.000445456
48041,48,0.006623041
48039,48,0.011886139
48037,48,0.004575358
48035,48,0.000909868
48033,48,0.000103162
48031,48,0.001126843
48029,48,0.055572123
48027,48,0.011841622
48025,48,0.001108158
48023,48,0.000378047
48021,48,0.004096196
48019,48,0.000757243
48017,48,0.000382666
48015,48,0.002096034
48013,48,0.002750673
48011,48,0.000588459
48009,48,0.000697729
48007,48,0.000958891
48005,48,0.00347011
48003,48,0.001491904
48001,48,0.002199864
48507,48,0.000691139
48505,48,0.000537929
48503,48,0.000686746
48501,48,0.000554392
48499,48,0.001665687
48497,48,0.00396987
48495,48,0.001050565
48493,48,0.002038502
48491,48,0.016236799
48489,48,0.000731139
48487,48,0.00113262
48485,48,0.00346839
48483,48,0.000772836
48481,48,0.003101926
48479,48,0.006969509
48477,48,0.002101704
48475,48,0.001619458
48473,48,0.003084181
48471,48,0.003738732
48469,48,0.004233406
48467,48,0.003487885
48465,48,0.001081117
48463,48,0.001318658
48461,48,0.00048523
48459,48,0.001825331
48457,48,0.00091791
48455,48,0.000651398
48453,48,0.038437363
48451,48,0.003495889
48449,48,0.001819647
48447,48,0.000130939
48445,48,0.000936702
48443,48,0.000144996
48441,48,0.004606616
48439,48,0.060030217
48437,48,0.000590416
48435,48,0.000785855
48433,48,0.000147935
48431,48,0.000475855
48429,48,0.00038758
48427,48,0.001877095
48425,48,0.000437878
48423,48,0.009469992
48421,48,0.000460947
48419,48,0.001324968
48417,48,0.000268054
48415,48,0.001183089
48413,48,0.000232531
48411,48,0.000305841
48409,48,0.003559681
48407,48,0.00129848
48405,48,0.000517609
48403,48,0.000486592
48401,48,0.002316822
48399,48,0.000644671
48397,48,0.003017005
48395,48,0.001761195
48393,48,0.000148075
48391,48,0.001308234
48389,48,0.002715625
48387,48,0.000707974
48385,48,0.000181978
48383,48,0.000866791
48381,48,0.003139776
48379,48,0.000615797
48377,48,0.000294382
48375,48,0.004500643
48373,48,0.002861487
48371,48,0.002024761
48369,48,0.00077526
48367,48,0.005405301
48365,48,0.001733336
48363,48,0.001598952
48361,48,0.00410032
48359,48,0.001094363
48357,48,0.000466559
48355,48,0.012522946
48353,48,0.001589594
48351,48,0.000625265
48349,48,0.003175029
48347,48,0.002964414
48345,48,9.45E-05
48343,48,0.000782981
48341,48,0.000968781
48339,48,0.018171601
48337,48,0.001223957
48335,48,0.000902574
48333,48,0.000547704
48331,48,0.001543263
48329,48,0.007297194
48327,48,0.000257285
48325,48,0.002316705
48323,48,0.001760095
48321,48,0.001805573
48319,48,0.000326792
48317,48,0.0013234
48315,48,0.000499689
48313,48,0.001489562
48311,48,0.000491179
48309,48,0.010758615
48307,48,0.000687035
48305,48,0.000765995
48303,48,0.008663799
48301,48,0.000354799
48299,48,0.000882554
48297,48,0.002195607
48295,48,0.00021441
48293,48,0.00118378
48291,48,0.003475345
48289,48,0.002249283
48287,48,0.001254959
48285,48,0.00104957
48283,48,0.001698234
48281,48,0.001222734
48279,48,0.000838574
48277,48,0.002114991
48275,48,0.000219451
48273,48,0.001406713
48271,48,0.000400029
48269,48,0.000141823
48267,48,0.000859329
48265,48,0.001910739
48263,48,7.79E-05
48261,48,0.000846561
48259,48,0.001735203
48257,48,0.005976699
48255,48,0.001360665
48253,48,0.000863261
48251,48,0.005415948
48249,48,0.002244719
48247,48,0.00031324
48245,48,0.009335253
48243,48,0.000299962
48241,48,0.001888946
48239,48,0.001628149
48237,48,0.000585802
48235,48,0.000586202
48233,48,0.00059802
48231,48,0.00433582
48229,48,0.001874221
48227,48,0.002052898
48225,48,0.001078127
48223,48,0.002454811
48221,48,0.00178248
48219,48,0.001322448
48217,48,0.003531514
48215,48,0.020911615
48213,48,0.003225536
48211,48,0.000302766
48209,48,0.007910615
48207,48,0.000426259
48205,48,0.00066647
48203,48,0.003954814
48201,48,0.142403647
48199,48,0.002324131
48197,48,0.000652998
48195,48,0.000216507
48193,48,0.000632365
48191,48,0.000358903
48189,48,0.001384474
48187,48,0.005457132
48185,48,0.001865146
48183,48,0.005051096
48181,48,0.005366519
48179,48,0.000935592
48177,48,0.002265395
48175,48,0.000592303
48173,48,0.000780819
48171,48,0.001494949
48169,48,0.000894548
48167,48,0.008753579
48165,48,0.001306824
48163,48,0.001817431
48161,48,0.002214305
48159,48,0.000790305
48157,48,0.016035322
48155,48,8.01E-05
48153,48,0.000310803
48151,48,0.000283155
48149,48,0.00281001
48147,48,0.001310221
48145,48,0.001253078
48143,48,0.001843701
48141,48,0.021880465
48139,48,0.007997595
48137,48,0.000132575
48135,48,0.005867578
48133,48,0.00179885
48131,48,0.000753159
48129,48,0.000772405
48127,48,0.000929878
48125,48,0.000171271
48123,48,0.001153049
48121,48,0.021410398
48119,48,0.000281942
48117,48,0.000741521
48115,48,0.000853337
48113,48,0.086454788
48111,48,0.000628204
48109,48,0.001113857
48107,48,0.000317536
48105,48,0.000922942
48103,48,0.000517538
48101,48,0.000126113
48099,48,0.001889392
48097,48,0.002740795
48095,48,0.000542637
48093,48,0.000817543
48091,48,0.006699972
48089,48,0.002751747
48087,48,0.000108641
47189,47,0.02247659
47187,47,0.035383899
47185,47,0.003571137
47183,47,0.004399249
47181,47,0.001823742
47179,47,0.015933127
47177,47,0.004734593
47175,47,0.000989762
47173,47,0.002000106
47171,47,0.002711467
47169,47,0.001538909
47167,47,0.005058724
47165,47,0.02006892
47163,47,0.021207526
47161,47,0.001997276
47159,47,0.005296591
47157,47,0.122873898
47155,47,0.018359295
47153,47,0.002377166
47151,47,0.002533366
47149,47,0.042975212
47147,47,0.013048854
47145,47,0.009267244
47143,47,0.004403955
47141,47,0.014519654
47139,47,0.002720104
47137,47,0.000666084
47135,47,0.001207194
47133,47,0.003417681
47131,47,0.005188921
47129,47,0.002066921
47127,47,0.000862257
47125,47,0.021665109
47123,47,0.006503279
47121,47,0.001823601
47119,47,0.015255338
47117,47,0.005580474
47115,47,0.009755881
47113,47,0.018405978
47111,47,0.002387001
47109,47,0.004737172
47107,47,0.01022966
47105,47,0.010595065
47103,47,0.004795971
47101,47,0.001226158
47099,47,0.005193825
47097,47,0.003090001
47095,47,0.000546651
47093,47,0.070462733
47091,47,0.001923921
47089,47,0.011816255
47087,47,0.001363567
47085,47,0.004597627
47083,47,0.000862539
47081,47,0.005342454
47079,47,0.004900384
47077,47,0.007838343
47075,47,0.006680832
47073,47,0.006167819
47071,47,0.0038753
47069,47,0.003389304
47067,47,0.000572007
47065,47,0.04888039
47063,47,0.008770686
47061,47,0.002827273
47059,47,0.011948565
47057,47,0.003640394
47055,47,0.00668702
47053,47,0.006107983
47051,47,0.004809858
47049,47,0.002341825
47047,47,0.009132198
47045,47,0.006146096
47043,47,0.009611749
47041,47,0.002595552
47039,47,0.002577695
47037,47,0.108609268
47035,47,0.011749354
47033,47,0.003126708
47031,47,0.011686117
47029,47,0.00604263
47027,47,0.000966721
47025,47,0.004476113
47023,47,0.002207875
47021,47,0.006601885
47019,47,0.005986504
47017,47,0.004246501
47015,47,0.001959297
47013,47,0.007651504
47011,47,0.013580435
47009,47,0.015530802
47007,47,0.001350879
47005,47,0.003550438
47003,47,0.005809484
47001,47,0.011526532
46137,46,0.003821247
46135,46,0.019910365
46129,46,0.006530628
46127,46,0.02910609
46125,46,0.008668513
46123,46,0.007632301
46121,46,0.011622358
46119,46,0.003241784
46117,46,0.007198303
46115,46,0.011503837
46111,46,0.004790106
46109,46,0.018289031
46107,46,0.004427308
46105,46,0.004838554
46103,46,0.104488511
46102,46,0.013740737
46101,46,0.019188198
46099,46,0.140527452
46097,46,0.004499777
46095,46,0.003726705
46093,46,0.029591758
46091,46,0.005312491
46089,46,0.003274616
46087,46,0.01520627
46085,46,0.017832515
46083,46,0.054928756
46081,46,0.03022216
46079,46,0.009416251
46077,46,0.009214528
46075,46,0.00903307
46073,46,0.003329247
46071,46,0.016272771
46069,46,0.003200162
46067,46,0.010987238
46065,46,0.014111939
46063,46,0.005859156
46061,46,0.011263494
46059,46,0.005616591
46057,46,0.008668515
46055,46,0.004015972
46053,46,0.006179878
46051,46,0.011714432
46049,46,0.004319652
46047,46,0.010832906
46045,46,0.008434254
46043,46,0.005050029
46041,46,0.006459262
46039,46,0.012327694
46037,46,0.009102571
46035,46,0.019568098
46033,46,0.016191316
46031,46,0.00611077
46029,46,0.028283833
46027,46,0.011963511
46025,46,0.006677045
46023,46,0.010060942
46021,46,0.002790964
46019,46,0.014721023
46017,46,0.002606974
46015,46,0.011935355
46013,46,0.030887525
46011,46,0.030705326
46009,46,0.008045636
46007,46,0.004157102
46005,46,0.015665476
46003,46,0.010099117
45091,45,0.041592615
45089,45,0.007723079
45087,45,0.00526083
45085,45,0.019768999
45083,45,0.061465391
45081,45,0.004715886
45079,45,0.070115184
45077,45,0.016760354
45075,45,0.030101438
45073,45,0.013248199
45071,45,0.014608776
45069,45,0.006788097
45067,45,0.009160758
45065,45,0.002143498
45063,45,0.054640967
45061,45,0.007035369
45059,45,0.018018323
45057,45,0.014442577
45055,45,0.015150385
45053,45,0.019603293
45051,45,0.05873345
45049,45,0.005721878
45047,45,0.012181874
45045,45,0.078441293
45043,45,0.015468806
45041,45,0.032464015
45039,45,0.010380773
45037,45,0.004730829
45035,45,0.024227825
45033,45,0.010605561
45031,45,0.014723634
45029,45,0.017287299
45027,45,0.012285913
45025,45,0.0099342
45023,45,0.011666697
45021,45,0.014320789
45019,45,0.073144502
45017,45,0.009445443
45015,45,0.03569897
45013,45,0.0277569
45011,45,0.004502896
45009,45,0.003233695
45007,45,0.040087371
45005,45,0.002054438
45003,45,0.034596861
45001,45,0.003960068
44009,44,0.173225849
44007,44,0.523514905
44005,44,0.080320307
44003,44,0.19447834
44001,44,0.028460599
42091,42,0.066621938
42089,42,0.015141639
42087,42,0.003685917
42085,42,0.011797417
42083,42,0.003762204
42081,42,0.010938638
42079,42,0.027023351
42077,42,0.02817402
42075,42,0.012043092
42073,42,0.00690692
42071,42,0.042458783
42069,42,0.016609796
42067,42,0.002433074
42065,42,0.00538757
42063,42,0.007902053
42061,42,0.004160269
42059,42,0.005240618
42057,42,0.003917143
42055,42,0.014005133
42053,42,0.000736756
42051,42,0.010344366
42049,42,0.021559766
42047,42,0.003245865
42045,42,0.033754097
42043,42,0.028086789
42041,42,0.025987999
42039,42,0.008091166
42037,42,0.006769372
42035,42,0.004836891
42033,42,0.009832588
42031,42,0.005742227
42029,42,0.043204984
42027,42,0.014654234
42025,42,0.007109144
42023,42,0.000512999
42021,42,0.010060837
42019,42,0.018241254
42017,42,0.047401906
42015,42,0.005439735
42013,42,0.010973144
42011,42,0.032970154
42009,42,0.009940667
42007,42,0.011903017
42005,42,0.005562189
42003,42,0.080447021
42001,42,0.009266105
42133,42,0.031935302
42131,42,0.003095638
42129,42,0.032885748
42127,42,0.003996377
42125,42,0.021944754
42123,42,0.003468941
42121,42,0.005892657
42119,42,0.00476678
42117,42,0.005023317
42115,42,0.005112276
42113,42,0.000760344
42111,42,0.009176924
42109,42,0.004281064
42107,42,0.013789958
42105,42,0.00162161
42103,42,0.005966963
42101,42,0.053565911
42099,42,0.005573755
42097,42,0.008005212
42095,42,0.021156496
42093,42,0.003095127
41071,41,0.021263834
41069,41,0.000879804
41067,41,0.10391968
41065,41,0.013718765
41063,41,0.002082934
41061,41,0.009469976
41059,41,0.023577592
41057,41,0.011293655
41055,41,0.004067547
41053,41,0.019321635
41051,41,0.156334766
41049,41,0.006343872
41047,41,0.085730359
41045,41,0.01282198
41043,41,0.04610541
41041,41,0.014923472
41039,41,0.081133053
41037,41,0.003596988
41035,41,0.024122691
41033,41,0.021050126
41031,41,0.009044476
41029,41,0.047725112
41027,41,0.010449672
41025,41,0.003738281
41023,41,0.00277948
41021,41,0.004626205
41019,41,0.043549206
41017,41,0.046663838
41015,41,0.006318989
41013,41,0.006832835
41011,41,0.015989612
41009,41,0.012204438
41007,41,0.015116901
41005,41,0.088685051
41003,41,0.015190987
41001,41,0.009326777
40021,40,0.008872951
40019,40,0.015019041
40017,40,0.029512131
40015,40,0.009953711
40013,40,0.01497392
40011,40,0.00527376
40009,40,0.008846096
40007,40,0.00394471
40005,40,0.011758016
40003,40,0.002570053
40001,40,0.004291376
40153,40,0.006572282
40151,40,0.003025402
40149,40,0.005362835
40147,40,0.009664993
40145,40,0.019348781
40143,40,0.126857573
40141,40,0.002058366
40139,40,0.007840951
40137,40,0.009787137
40135,40,0.012285146
40133,40,0.009151996
40131,40,0.024099285
40129,40,0.001719017
40127,40,0.004421711
40125,40,0.017724991
40123,40,0.009481389
40121,40,0.018990599
40119,40,0.018044323
40117,40,0.006900225
40115,40,0.012273468
40113,40,0.008642474
40111,40,0.012017464
40109,40,0.157614114
40107,40,0.004403778
40105,40,0.003348499
40103,40,0.009893758
40101,40,0.020324612
40099,40,0.006168661
40097,40,0.017266745
40095,40,0.004553622
40093,40,0.004980501
40091,40,0.012710473
40089,40,0.010189712
40087,40,0.01857403
40085,40,0.0083458
40083,40,0.011191445
40081,40,0.013395238
40079,40,0.013606308
40077,40,0.002896909
40075,40,0.003158555
40073,40,0.007252168
40071,40,0.012235451
40069,40,0.003581023
40067,40,0.001997694
40065,40,0.004786785
40063,40,0.003407822
40061,40,0.003394333
40059,40,0.002471785
40057,40,0.000576955
40055,40,0.001578921
40053,40,0.0030806
40051,40,0.01663582
40049,40,0.013261726
40047,40,0.012531622
40045,40,0.002700187
40043,40,0.003538198
40041,40,0.010536414
40039,40,0.009675764
40037,40,0.021000338
40035,40,0.007291317
40033,40,0.002974918
40031,40,0.01956942
40029,40,0.00216205
40027,40,0.041724986
40025,40,0.002552088
40023,40,0.005572683
39175,39,0.004405034
39173,39,0.016953024
39171,39,0.00451347
39169,39,0.010344768
39167,39,0.006205305
39165,39,0.018801633
39163,39,0.001202502
39161,39,0.003748792
39159,39,0.007720596
39157,39,0.00830771
39155,39,0.015964371
39153,39,0.044334821
39151,39,0.025433834
39149,39,0.005790617
39147,39,0.004111091
39145,39,0.005889469
39143,39,0.009050646
39141,39,0.008159333
39139,39,0.011826752
39137,39,0.00244066
39135,39,0.004950526
39133,39,0.014994704
39131,39,0.003361927
39129,39,0.00678834
39127,39,0.002278684
39125,39,0.002273006
39123,39,0.004427247
39121,39,0.001945203
39119,39,0.008614481
39117,39,0.006375028
39115,39,0.001192081
39113,39,0.042464659
39111,39,0.001584842
39109,39,0.0097907
39107,39,0.003612427
39105,39,0.002300794
39103,39,0.015739526
39101,39,0.005829523
39099,39,0.019004018
39097,39,0.007506435
39095,39,0.030710719
39093,39,0.022959331
39091,39,0.004552307
39089,39,0.016978447
39087,39,0.004196247
39085,39,0.018575591
39083,39,0.00384042
39081,39,0.004327786
39079,39,0.004236804
39077,39,0.004255218
39075,39,0.002839794
39073,39,0.003043369
39071,39,0.003309268
39069,39,0.003902607
39067,39,0.002051409
39065,39,0.002377945
39063,39,0.009929907
39061,39,0.068215741
39059,39,0.006792918
39057,39,0.014594941
39055,39,0.008414076
39053,39,0.003158563
39051,39,0.005422181
39049,39,0.099228302
39047,39,0.005133423
39045,39,0.010158571
39043,39,0.010640981
39041,39,0.019886324
39039,39,0.003663211
39037,39,0.004180042
39035,39,0.087993721
39033,39,0.003278023
39031,39,0.002758893
39029,39,0.007276941
39027,39,0.006139698
39025,39,0.01562278
39023,39,0.013601056
39021,39,0.003292954
39019,39,0.002220994
39017,39,0.02316379
39015,39,0.004398532
39013,39,0.009235187
39011,39,0.005135324
39009,39,0.005273076
39007,39,0.008608998
39005,39,0.007206719
39003,39,0.010092762
39001,39,0.00288553
38005,38,0.011161912
38003,38,0.023706812
38001,38,0.003668383
38105,38,0.055336025
38103,38,0.008024776
38101,38,0.070747511
38099,38,0.01638932
38097,38,0.019266988
38095,38,0.003882857
38093,38,0.03434933
38091,38,0.005642072
38089,38,0.03887423
38087,38,0.003148767
38085,38,0.005570388
38083,38,0.002388598
38081,38,0.006753607
38079,38,0.010411092
38077,38,0.026676615
38075,38,0.004229105
38073,38,0.005047747
38071,38,0.017466411
38069,38,0.006292273
38067,38,0.011890145
38065,38,0.005264169
38063,38,0.00819853
38061,38,0.033474986
38059,38,0.046412243
38057,38,0.011908937
38055,38,0.026082081
38053,38,0.059235455
38051,38,0.002854945
38049,38,0.015208656
38047,38,0.00241106
38045,38,0.006780404
38043,38,0.011880054
38041,38,0.004162234
38039,38,0.003228675
38037,38,0.003320053
38035,38,0.065161697
38033,38,0.004077118
38031,38,0.005537798
38029,38,0.007882568
38027,38,0.002709011
38025,38,0.020000356
38023,38,0.004564299
38021,38,0.006231724
38019,38,0.005456941
38017,38,0.141675863
38015,38,0.076988361
38013,38,0.005284344
38011,38,0.005442368
38009,38,0.010027943
38007,38,0.007612164
37199,37,0.001734251
37197,37,0.004505451
37195,37,0.010164047
37193,37,0.005620927
37191,37,0.010067548
37189,37,0.004609844
37187,37,0.00134826
37185,37,0.002323092
37183,37,0.092010797
37181,37,0.004377597
37179,37,0.017018246
37177,37,0.000681003
37175,37,0.00279
37173,37,0.002051955
37171,37,0.009007823
37169,37,0.003143948
37167,37,0.005290836
37165,37,0.00358991
37163,37,0.007528983
37161,37,0.00475842
37159,37,0.013753847
37157,37,0.00856073
37155,37,0.016232283
37153,37,0.004971652
37151,37,0.01312166
37149,37,0.00328535
37147,37,0.015683068
37145,37,0.002813442
37143,37,0.001293992
37141,37,0.008596775
37139,37,0.00299703
37137,37,0.001173936
37135,37,0.014969497
37133,37,0.015314141
37131,37,0.003269891
37129,37,0.016574872
37127,37,0.014474204
37125,37,0.009092677
37123,37,0.003353979
37121,37,0.001213434
37119,37,0.098134221
37117,37,0.003433415
37115,37,0.00216957
37113,37,0.003402567
37111,37,0.006700704
37109,37,0.007253153
37107,37,0.006529332
37105,37,0.006357156
37103,37,0.002305838
37101,37,0.021893102
37099,37,0.006166449
37097,37,0.018682053
37095,37,0.000619738
37093,37,0.003455004
37091,37,0.002180534
37089,37,0.01022836
37087,37,0.009038801
37085,37,0.010681335
37083,37,0.006915708
37081,37,0.053052317
37079,37,0.002518502
37077,37,0.006848498
37075,37,0.000827313
37073,37,0.001258269
37071,37,0.020667502
37069,37,0.006327466
37067,37,0.03163968
37065,37,0.005132453
37063,37,0.028701947
37061,37,0.007625077
37059,37,0.005077916
37057,37,0.01636268
37055,37,0.006298828
37053,37,0.004423949
37051,37,0.031340157
37049,37,0.009238565
37047,37,0.008149675
37045,37,0.009734517
37043,37,0.00112642
37041,37,0.001046668
37039,37,0.003426508
37037,37,0.008938063
37035,37,0.016029133
37033,37,0.002202171
37031,37,0.008077779
37029,37,0.001491776
37027,37,0.006495736
37025,37,0.019148426
37023,37,0.008853551
37021,37,0.025330018
37019,37,0.014396744
37017,37,0.004811441
37015,37,0.003192554
37013,37,0.004573001
37011,37,0.002182425
37009,37,0.002178332
37007,37,0.003720588
37005,37,0.000932507
37003,37,0.00224441
37001,37,0.014860001
36123,36,0.001750522
36121,36,0.002661761
36119,36,0.064542531
36117,36,0.005545771
36115,36,0.004735019
36113,36,0.007078062
36111,36,0.016604538
36109,36,0.006374612
36107,36,0.004816433
36105,36,0.006725891
36103,36,0.108487897
36101,36,0.009864507
36099,36,0.004356069
36097,36,0.001724403
36095,36,0.002718472
36093,36,0.009273149
36091,36,0.018901175
36089,36,0.007336914
36087,36,0.022333677
36085,36,0.01644694
36083,36,0.010711355
36081,36,0.057159419
36079,36,0.010342743
36077,36,0.005133829
36075,36,0.008250466
36073,36,0.002357704
36071,36,0.034562545
36069,36,0.011317553
36067,36,0.033878444
36065,36,0.017084546
36063,36,0.011851958
36061,36,0.028484246
36059,36,0.079444896
36057,36,0.005982618
36055,36,0.049779747
36053,36,0.006086436
36051,36,0.006183047
36049,36,0.002022587
36047,36,0.038216725
36045,36,0.009335598
36043,36,0.005712619
36041,36,0.001220609
36039,36,0.006305828
36037,36,0.008979822
36035,36,0.003558019
36033,36,0.004049935
36031,36,0.005246375
36029,36,0.062616707
36027,36,0.022494292
36025,36,0.004710781
36023,36,0.004582486
36021,36,0.006367347
36019,36,0.006165321
36017,36,0.004048124
36015,36,0.006715029
36013,36,0.011812832
36011,36,0.006209444
36009,36,0.006909375
36007,36,0.015117093
36005,36,0.026722603
36003,36,0.003455178
36001,36,0.026535379
35061,35,0.021656187
35059,35,0.006342454
35057,35,0.021518453
35055,35,0.013919299
35053,35,0.014665351
35051,35,0.008261414
35049,35,0.076860778
35047,35,0.01293014
35045,35,0.073503568
35043,35,0.062596373
35041,35,0.009936529
35039,35,0.022313678
35037,35,0.01702155
35035,35,0.029490328
35033,35,0.005463114
35031,35,0.04945526
35029,35,0.019619163
35028,35,0.00575312
35027,35,0.015372483
35025,35,0.044458817
35023,35,0.007260413
35021,35,0.00058688
35019,35,0.019063481
35017,35,0.013824024
35015,35,0.034997907
35013,35,0.085289501
35011,35,0.00379399
35009,35,0.014252747
35007,35,0.011538129
35006,35,0.026985568
35005,35,0.026900069
35003,35,0.00303821
35001,35,0.221331022
34041,34,0.01965466
34039,34,0.053713147
34037,34,0.016277974
34035,34,0.044018081
34033,34,0.010845268
34031,34,0.036382355
34029,34,0.058025263
34027,34,0.065086995
34025,34,0.081265562
34023,34,0.11389351
34021,34,0.05038489
34019,34,0.026570753
34017,34,0.030411983
34015,34,0.04075078
34013,34,0.063923596
34011,34,0.016173067
34009,34,0.014324702
34007,34,0.056409314
34005,34,0.066906663
34003,34,0.096161747
34001,34,0.038819691
33019,33,0.028287991
33017,33,0.083885371
33015,33,0.240633352
33013,33,0.148557318
33011,33,0.226391483
33009,33,0.076337135
33007,33,0.0310693
33005,33,0.05948331
33003,33,0.047466534
33001,33,0.057888205
32510,32,0.018571666
32033,32,0.009468345
32031,32,0.151370486
32029,32,0.003771323
32027,32,0.010139086
32023,32,0.019206984
32021,32,0.007557457
32019,32,0.02386455
32017,32,0.006997045
32015,32,0.005247757
32013,32,0.014254769
32011,32,0.006325288
32009,32,0.005940254
32007,32,0.034959255
32005,32,0.02463421
32003,32,0.642009971
32001,32,0.015681552
31067,31,0.011689757
31065,31,0.003846893
31063,31,0.002645131
31061,31,0.00209504
31059,31,0.004975207
31057,31,0.001992005
31055,31,0.198799685
31053,31,0.018061829
31051,31,0.004029792
31049,31,0.005946983
31047,31,0.022789817
31045,31,0.005519514
31043,31,0.009742037
31041,31,0.009509882
31039,31,0.007932525
31037,31,0.005853009
31035,31,0.004565399
31033,31,0.010026553
31031,31,0.006616581
31029,31,0.002895821
31027,31,0.007749556
31025,31,0.022134842
31023,31,0.007622477
31021,31,0.004996351
31019,31,0.033088809
31017,31,0.002614653
31015,31,0.001453139
31013,31,0.005395496
31011,31,0.00412782
31009,31,0.001044097
31007,31,0.001428675
31005,31,0.000457151
31003,31,0.00609906
31001,31,0.01200948
31185,31,0.017177518
31183,31,0.001320492
31181,31,0.002412574
31179,31,0.00447887
31177,31,0.009884306
31175,31,0.003119718
31173,31,0.004302398
31171,31,0.001540067
31169,31,0.003994401
31167,31,0.005200381
31165,31,0.001557695
31163,31,0.002957172
31161,31,0.004830389
31159,31,0.019452158
31157,31,0.014383784
31155,31,0.012457379
31153,31,0.058292302
31151,31,0.006420777
31149,31,0.002138502
31147,31,0.004635532
31145,31,0.006134354
31143,31,0.003963473
31141,31,0.016438084
31139,31,0.007239207
31137,31,0.006575442
31135,31,0.00273014
31133,31,0.001944414
31131,31,0.012646079
31129,31,0.002385493
31127,31,0.004712082
31125,31,0.002270806
31123,31,0.007040008
31121,31,0.00861467
31119,31,0.000565827
31117,31,0.014568544
31115,31,0.000891999
31113,31,0.001544087
31111,31,0.031279845
31109,31,0.115856796
31107,31,0.004757397
31105,31,0.006782756
31103,31,0.000883677
31101,31,0.01599317
31099,31,0.00618363
31097,31,0.003075381
31095,31,0.00478716
31093,31,0.004938486
31091,31,0.000831702
31089,31,0.008582995
31087,31,0.002873205
31085,31,0.001053907
31083,31,0.003878816
31081,31,0.01540215
31079,31,0.033690359
31077,31,0.001982624
31075,31,0.000906931
31073,31,0.001984717
31071,31,0.001491247
31069,31,0.002206855
30111,30,0.098437963
30109,30,0.002581098
30107,30,0.00435759
30105,30,0.009522656
30103,30,0.004018307
30101,30,0.007255845
30099,30,0.007342592
30097,30,0.013176014
30095,30,0.016815111
30093,30,0.021502246
30091,30,0.004066607
30089,30,0.01503028
30087,30,0.013751152
30085,30,0.009986528
30083,30,0.013384428
30081,30,0.02757627
30079,30,0.004502269
30077,30,0.016783977
30075,30,0.007678502
30073,30,0.00703252
30071,30,0.005885367
30069,30,0.001696693
30067,30,0.023571081
30065,30,0.005838035
30063,30,0.082077916
30061,30,0.016650621
30059,30,0.002902974
30057,30,0.015385633
30055,30,0.004057281
30053,30,0.016138342
30051,30,0.002503842
30049,30,0.045691851
30047,30,0.033067022
30045,30,0.007153676
30043,30,0.021109992
30041,30,0.011359841
30039,30,0.010461251
30037,30,0.003164373
30035,30,0.017272614
30033,30,0.003231947
30031,30,0.085170368
30029,30,0.087964591
30027,30,0.011827525
30025,30,0.003337227
30023,30,0.008956733
30021,30,0.012191293
30019,30,0.001846589
30017,30,0.012916437
30015,30,0.010361595
30013,30,0.048449138
30011,30,0.004409108
30009,30,0.017373218
30007,30,0.014967226
30005,30,0.007064549
30003,30,0.023971083
30001,30,0.015171015
29111,29,0.002209882
29109,29,0.00900035
29107,29,0.009035121
29105,29,0.008864123
29103,29,0.000949155
29101,29,0.008120267
29099,29,0.031006244
29097,29,0.018195015
29095,29,0.096058871
29093,29,0.001776627
29091,29,0.007303508
29089,29,0.001526042
29087,29,0.003222577
29085,29,0.001678164
29083,29,0.00504598
29081,29,0.003362238
29079,29,0.001593256
29077,29,0.042270468
29075,29,0.000961496
29073,29,0.002505083
29071,29,0.020256131
29069,29,0.004893837
29067,29,0.00213735
29065,29,0.002343947
29063,29,0.002764071
29061,29,0.003228793
29059,29,0.002692654
29057,29,0.001262483
29055,29,0.006331936
29053,29,0.006163481
29051,29,0.011149202
29049,29,0.004647783
29047,29,0.033328931
29045,29,0.00186146
29043,29,0.010986341
29041,29,0.001308298
29039,29,0.001837522
29037,29,0.014057573
29035,29,0.001519142
29033,29,0.001670844
29031,29,0.0122577
29029,29,0.008899899
29027,29,0.012402921
29025,29,0.002345332
29023,29,0.007753385
29021,29,0.012481229
29019,29,0.02427718
29017,29,0.001911353
29015,29,0.003318956
29013,29,0.003544131
29011,29,0.002901778
29009,29,0.005978284
29007,29,0.004126789
29005,29,0.002472619
29003,29,0.004503143
29001,29,0.003097678
29510,29,0.037786643
29229,29,0.003543867
29227,29,0.000312648
29225,29,0.008381376
29223,29,0.002607028
29221,29,0.00380539
29219,29,0.007007621
29217,29,0.004501921
29215,29,0.005087493
29213,29,0.009159508
29211,29,0.001023965
29209,29,0.006017407
29207,29,0.005504361
29205,29,0.001500811
29203,29,0.001439999
29201,29,0.00672768
29199,29,0.000780092
29197,29,0.001104854
29195,29,0.006264807
29189,29,0.156683305
29187,29,0.008000311
29186,29,0.005074813
29185,29,0.002516454
29183,29,0.053685043
29181,29,0.00172369
29179,29,0.001448456
29177,29,0.003155536
29175,29,0.004134642
29173,29,0.003147532
29171,29,0.000871841
29169,29,0.007606043
29167,29,0.005727332
29165,29,0.019705778
29163,29,0.003839489
29161,29,0.009703307
29159,29,0.00662089
29157,29,0.004060521
29155,29,0.005664129
29153,29,0.001533649
29151,29,0.002963648
29149,29,0.002392783
29147,29,0.003366104
29145,29,0.012003776
29143,29,0.006671385
29141,29,0.004140581
29139,29,0.005419867
29137,29,0.001580689
29135,29,0.002454896
29133,29,0.003031011
29131,29,0.005284452
29129,29,0.00088323
29127,29,0.005900363
29125,29,0.002103324
29123,29,0.002222046
29121,29,0.003483494
29119,29,0.004712498
29117,29,0.002688875
29115,29,0.002215605
29113,29,0.007622522
28163,28,0.010749111
28161,28,0.006119622
28159,28,0.006549741
28157,28,0.003632729
28155,28,0.003916373
28153,28,0.007297112
28151,28,0.013135704
28149,28,0.013863345
28147,28,0.004097323
28145,28,0.011049014
28143,28,0.006645663
28141,28,0.006948874
28139,28,0.006377267
28137,28,0.009195509
28135,28,0.003169293
28133,28,0.008237752
28131,28,0.006625969
28129,28,0.005025529
28127,28,0.012946091
28125,28,0.001764854
28123,28,0.012170443
28121,28,0.050489481
28119,28,0.002523058
28117,28,0.008994289
28115,28,0.012051431
28113,28,0.012682455
28111,28,0.005886933
28109,28,0.015386727
28107,28,0.014725573
28105,28,0.013195392
28103,28,0.00479284
28101,28,0.009354759
28099,28,0.008975968
28097,28,0.005743347
28095,28,0.014755266
28093,28,0.018204553
28091,28,0.007698666
28089,28,0.033801337
28087,28,0.020127185
28085,28,0.012501357
28083,28,0.007606689
28081,28,0.030190029
28079,28,0.008814094
28077,28,0.003477704
28075,28,0.026648704
28073,28,0.016408082
28071,28,0.014597338
28069,28,0.004494918
28067,28,0.022561274
28065,28,0.003796725
28063,28,0.003051835
28061,28,0.00650971
28059,28,0.045993737
28057,28,0.008086624
28055,28,0.000729105
28053,28,0.003212946
28051,28,0.008392989
28049,28,0.069093829
28047,28,0.059947889
28045,28,0.018212791
28043,28,0.008453565
28041,28,0.004427793
28039,28,0.007188005
28037,28,0.004037888
28035,28,0.024590353
28033,28,0.045370017
28031,28,0.013167964
28029,28,0.011379103
28027,28,0.0074517
28025,28,0.005689664
28023,28,0.006830042
28021,28,0.003409133
28019,28,0.002571328
28017,28,0.006946523
28015,28,0.006197469
28013,28,0.004477383
28011,28,0.010007096
28009,28,0.005046587
28007,28,0.005412082
28005,28,0.004506017
28003,28,0.011468563
28001,28,0.008136777
27173,27,0.002522518
27171,27,0.027002424
27169,27,0.01100766
27167,27,0.002877557
27165,27,0.003445439
27163,27,0.038248446
27161,27,0.003530488
27159,27,0.003060153
27157,27,0.004180049
27155,27,0.000820493
27153,27,0.005670499
27151,27,0.002522843
27149,27,0.001937872
27147,27,0.00887059
27145,27,0.03276752
27143,27,0.003789838
27141,27,0.017589045
27139,27,0.024215001
27137,27,0.038204998
27135,27,0.002916369
27133,27,0.002974521
27131,27,0.01239166
27129,27,0.004692545
27127,27,0.004071631
27125,27,0.001085936
27123,27,0.073071324
27121,27,0.00300202
27119,27,0.007924763
27117,27,0.002299021
27115,27,0.009107582
27113,27,0.002600543
27111,27,0.014608426
27109,27,0.025147058
27107,27,0.001915705
27105,27,0.005198897
27103,27,0.007967586
27101,27,0.002020362
27099,27,0.006783685
27097,27,0.009347529
27095,27,0.009020095
27093,27,0.004880772
27091,27,0.005125572
27089,27,0.002533836
27087,27,0.001566468
27085,27,0.007063434
27083,27,0.005219922
27081,27,0.001366601
27079,27,0.004944078
27077,27,0.000950188
27075,27,0.003530574
27073,27,0.002021494
27071,27,0.002392906
27069,27,0.001492068
27067,27,0.00910054
27065,27,0.003450887
27063,27,0.004537737
27061,27,0.009128319
27059,27,0.007637426
27057,27,0.005451649
27055,27,0.003631551
27053,27,0.172675737
27051,27,0.002272234
27049,27,0.014100832
27047,27,0.008583465
27045,27,0.004357302
27043,27,0.003952619
27041,27,0.010164382
27039,27,0.004126328
27037,27,0.067883878
27035,27,0.016062791
27033,27,0.002861733
27031,27,0.00256867
27029,27,0.002179276
27027,27,0.013671159
27025,27,0.013777454
27023,27,0.003046484
27021,27,0.008513915
27019,27,0.016415207
27017,27,0.008357849
27015,27,0.004093779
27013,27,0.011665726
27011,27,0.001266758
27009,27,0.009594981
27007,27,0.007800484
27005,27,0.007881986
27003,27,0.05011843
27001,27,0.005569826
26165,26,0.005036934
26163,26,0.141728693
26161,26,0.036568904
26159,26,0.010304553
26157,26,0.005794349
26155,26,0.008957061
26153,26,0.002295978
26151,26,0.005443234
26149,26,0.006086907
26147,26,0.016076428
26145,26,0.022034534
26143,26,0.004291171
26141,26,0.001674537
26139,26,0.025279725
26137,26,0.004115804
26135,26,0.001130293
26133,26,0.004297739
26131,26,0.001296462
26129,26,0.003433546
26127,26,0.004024928
26125,26,0.119457156
26123,26,0.004926553
26121,26,0.01521061
26119,26,0.001463295
26117,26,0.007239359
26115,26,0.017943692
26113,26,0.002135834
26111,26,0.00967865
26109,26,0.003030437
26107,26,0.00503285
26105,26,0.003696903
26103,26,0.006540112
26101,26,0.003160916
26099,26,0.063971894
26097,26,0.002926877
26095,26,0.001040871
26093,26,0.023053831
26091,26,0.010228883
26089,26,0.002967862
26087,26,0.010845171
26085,26,0.001369287
26083,26,0.000648512
26081,26,0.057812178
26079,26,0.003408402
26077,26,0.025421215
26075,26,0.016946442
26073,26,0.007713077
26071,26,0.001610206
26069,26,0.003502455
26067,26,0.00884211
26065,26,0.023186787
26063,26,0.003762386
26061,26,0.002840635
26059,26,0.004657227
26057,26,0.005672534
26055,26,0.010915051
26053,26,0.001564835
26051,26,0.002752933
26049,26,0.037715673
26047,26,0.004414471
26045,26,0.01276486
26043,26,0.002600192
26041,26,0.00489432
26039,26,0.003119223
26037,26,0.011445514
26035,26,0.004440926
26033,26,0.004090253
26031,26,0.004790236
26029,26,0.00348245
26027,26,0.005609174
26025,26,0.017264372
26023,26,0.005499546
26021,26,0.019409276
26019,26,0.002664219
26017,26,0.012014837
26015,26,0.005223344
26013,26,0.001498407
26011,26,0.003632272
26009,26,0.003603194
26007,26,0.003161307
26005,26,0.01611915
26003,26,0.002169054
26001,26,0.001323921
25027,25,0.145258156
25025,25,0.065111686
25023,25,0.07998471
25021,25,0.115990295
25019,25,0.001397869
25017,25,0.218375554
25015,25,0.021252324
25013,25,0.069503657
25011,25,0.01643006
25009,25,0.109283358
25007,25,0.002147133
25005,25,0.086426783
25003,25,0.022093305
25001,25,0.046745109
24510,24,0.061891737
24047,24,0.015814259
24045,24,0.018154796
24043,24,0.033108554
24041,24,0.01276482
24039,24,0.00528369
24037,24,0.017984314
24035,24,0.015193996
24033,24,0.154232286
24031,24,0.133520376
24029,24,0.003490951
24027,24,0.068067861
24025,24,0.044233525
24023,24,0.00828752
24021,24,0.051300789
24019,24,0.007125199
24017,24,0.024561007
24015,24,0.021700655
24013,24,0.024792942
24011,24,0.007583483
24009,24,0.014057843
24005,24,0.141595054
24003,24,0.101539621
24001,24,0.013714721
23031,23,0.151117431
23029,23,0.030877146
23027,23,0.027618836
23025,23,0.049096494
23023,23,0.030659965
23021,23,0.012865122
23019,23,0.111631509
23017,23,0.036828255
23015,23,0.028109715
23013,23,0.024357214
23011,23,0.097218601
23009,23,0.052024575
23007,23,0.026302253
23005,23,0.206562789
23003,23,0.051398786
23001,23,0.063331308
22081,22,0.003199266
22079,22,0.031414953
22077,22,0.008196578
22075,22,0.007100399
22073,22,0.030173553
22071,22,0.056518547
22069,22,0.013749818
22067,22,0.005619901
22065,22,0.007095578
22063,22,0.026395128
22061,22,0.01394442
22059,22,0.003678808
22057,22,0.023264555
22055,22,0.044645349
22053,22,0.01109591
22051,22,0.056184967
22049,22,0.003710495
22047,22,0.009662492
22045,22,0.01367198
22043,22,0.004623051
22041,22,0.004252835
22039,22,0.006777142
22037,22,0.005071647
22035,22,0.001647825
22033,22,0.07972516
22031,22,0.013190545
22029,22,0.004789129
22027,22,0.004240281
22025,22,0.002355837
22023,22,0.0023193
22021,22,0.00323494
22019,22,0.047060475
22017,22,0.054517402
22015,22,0.024707375
22013,22,0.006980794
22011,22,0.009225196
22009,22,0.007342963
22007,22,0.005180366
22005,22,0.028385418
22003,22,0.006564377
22001,22,0.016622746
22127,22,0.00469129
22125,22,0.003636217
22123,22,0.002013133
22121,22,0.015059864
22119,22,0.011452263
22117,22,0.008123332
22115,22,0.011384166
22113,22,0.009644725
22111,22,0.005912408
22109,22,0.018719356
22107,22,0.001284089
22105,22,0.034639868
22103,22,0.054518387
22101,22,0.010439114
22099,22,0.016271928
22097,22,0.018673015
22095,22,0.014106074
22093,22,0.009615616
22091,22,0.002560634
22089,22,0.01760233
22087,22,0.005984949
22085,22,0.005564859
22083,22,0.009964879
21023,21,0.002315729
21021,21,0.006066312
21019,21,0.009427709
21017,21,0.004567595
21015,21,0.031391244
21013,21,0.006352294
21011,21,0.003775807
21009,21,0.01136484
21007,21,0.001942596
21005,21,0.004825214
21003,21,0.003623415
21001,21,0.003998722
21239,21,0.008839791
21237,21,0.002144596
21235,21,0.011819377
21233,21,0.003078395
21231,21,0.003327811
21229,21,0.003745095
21227,21,0.030556213
21225,21,0.002709165
21223,21,0.001717234
21221,21,0.004141988
21219,21,0.002697364
21217,21,0.004804422
21215,21,0.0028949
21213,21,0.007649245
21211,21,0.014607674
21209,21,0.015068594
21207,21,0.003031585
21205,21,0.006622466
21203,21,0.009856984
21201,21,0.000298608
21199,21,0.014586587
21197,21,0.003408484
21195,21,0.01451362
21193,21,0.006559596
21191,21,0.002153367
21189,21,0.001043856
21187,21,0.00199906
21185,21,0.010892833
21183,21,0.006841025
21181,21,0.001214427
21179,21,0.01059978
21177,21,0.006533964
21175,21,0.002507515
21173,21,0.006495239
21171,21,0.001446346
21169,21,0.002178079
21167,21,0.004593784
21165,21,0.001088752
21163,21,0.005640179
21161,21,0.004542135
21159,21,0.001868417
21157,21,0.010156027
21155,21,0.003490147
21153,21,0.002658238
21151,21,0.02122584
21149,21,0.002220684
21147,21,0.002692482
21145,21,0.015960737
21143,21,0.005410134
21141,21,0.006417544
21139,21,0.003037918
21137,21,0.005243548
21135,21,0.002900027
21133,21,0.004625575
21131,21,0.002486584
21129,21,0.001140722
21127,21,0.004347415
21125,21,0.018580588
21123,21,0.003949276
21121,21,0.006078984
21119,21,0.003500392
21117,21,0.030306357
21115,21,0.004562095
21113,21,0.008393123
21111,21,0.144200666
21109,21,0.00204858
21107,21,0.010540328
21105,21,0.001170964
21103,21,0.005836404
21101,21,0.010425607
21099,21,0.008783787
21097,21,0.003047486
21095,21,0.005042699
21093,21,0.028463215
21091,21,0.001972176
21089,21,0.007412596
21087,21,0.001822883
21085,21,0.006174066
21083,21,0.008380456
21081,21,0.009909406
21079,21,0.003772789
21077,21,0.006096508
21075,21,0.001369283
21073,21,0.012020679
21071,21,0.01027197
21069,21,0.00291012
21067,21,0.064322073
21065,21,0.002163832
21063,21,0.00068444
21061,21,0.002661255
21059,21,0.01762852
21057,21,0.001464264
21055,21,0.001456664
21053,21,0.002016311
21051,21,0.004488788
21049,21,0.009061044
21047,21,0.020441513
21045,21,0.002577838
21043,21,0.007299215
21041,21,0.006053213
21039,21,0.001213312
21037,21,0.016599282
21035,21,0.00614097
21033,21,0.003656497
21031,21,0.003411972
21029,21,0.019195397
21027,21,0.003322861
21025,21,0.003113611
20209,20,0.053561173
20207,20,0.001936013
20205,20,0.00434144
20203,20,0.001328322
20201,20,0.002960918
20199,20,0.001167483
20197,20,0.007892746
20195,20,0.005201391
20193,20,0.008281348
20191,20,0.014921115
20189,20,0.003500919
20187,20,0.001256172
20185,20,0.003235988
20183,20,0.00198643
20181,20,0.005616224
20179,20,0.001710809
20177,20,0.048319076
20175,20,0.007189186
20173,20,0.131725619
20171,20,0.003399694
20169,20,0.019580214
20167,20,0.006640364
20165,20,0.002327702
20163,20,0.002420153
20161,20,0.015483293
20159,20,0.004505811
20157,20,0.00296609
20155,20,0.018676416
20153,20,0.001391433
20151,20,0.005511045
20149,20,0.008400321
20147,20,0.002871935
20145,20,0.003276517
20143,20,0.003370392
20141,20,0.00154284
20139,20,0.008678728
20137,20,0.002581549
20135,20,0.001830384
20133,20,0.006638694
20131,20,0.003696896
20129,20,0.001490252
20127,20,0.002621289
20125,20,0.011860717
20123,20,0.002712131
20121,20,0.014294305
20119,20,0.003467848
20117,20,0.004559008
20115,20,0.005977992
20113,20,0.013895029
20111,20,0.013495681
20109,20,0.00265826
20107,20,0.004047545
20105,20,0.002351305
20103,20,0.022063672
20101,20,0.001180366
20099,20,0.00771113
20097,20,0.003514217
20095,20,0.004632109
20093,20,0.002348841
20091,20,0.151627633
20089,20,0.001731828
20087,20,0.007331256
20085,20,0.005304312
20083,20,0.00154086
20081,20,0.003621044
20079,20,0.012673566
20077,20,0.002756074
20075,20,0.001677609
20073,20,0.004946055
20071,20,0.000976751
20069,20,0.004741174
20067,20,0.002622551
20065,20,0.001392035
20063,20,0.005495591
20061,20,0.011221663
20059,20,0.012901278
20057,20,0.011600377
20055,20,0.011103184
20053,20,0.006474236
20051,20,0.011147758
20049,20,0.000970195
20047,20,0.002487374
20045,20,0.033161017
20043,20,0.003927431
20041,20,0.00915872
20039,20,0.001923527
20037,20,0.010309103
20035,20,0.010491976
20033,20,0.000902027
20031,20,0.00563728
20029,20,0.004215258
20027,20,0.002889597
20025,20,0.001929088
20023,20,0.001407505
20021,20,0.010890093
20019,20,0.001745692
20017,20,0.006224213
20015,20,0.02475591
20013,20,0.006057462
20011,20,0.005474332
20009,20,0.00940909
20007,20,0.002483361
20005,20,0.004519343
20003,20,0.004190004
20001,20,0.005149025
19135,19,0.003187269
19133,19,0.006617123
19131,19,0.002781066
19129,19,0.007746752
19127,19,0.011234376
19125,19,0.010019664
19123,19,0.008099172
19121,19,0.004350545
19119,19,0.00436318
19117,19,0.003545274
19115,19,0.003651425
19113,19,0.052948662
19111,19,0.011530146
19109,19,0.005443848
19107,19,0.003606477
19105,19,0.007347263
19103,19,0.041441925
19101,19,0.004993176
19099,19,0.018878497
19097,19,0.006259663
19095,19,0.012358344
19093,19,0.003035752
19091,19,0.002877637
19089,19,0.003443909
19087,19,0.009336838
19085,19,0.008961686
19083,19,0.007536811
19081,19,0.004016438
19079,19,0.01153446
19077,19,0.003404952
19075,19,0.008323392
19073,19,0.003404559
19071,19,0.005825487
19069,19,0.007064064
19067,19,0.007794606
19065,19,0.005144771
19063,19,0.0024719
19061,19,0.02375097
19059,19,0.006196345
19057,19,0.010448512
19055,19,0.007477843
19053,19,0.004903813
19051,19,0.002653024
19049,19,0.022000105
19047,19,0.00568261
19045,19,0.014085423
19043,19,0.006371645
19041,19,0.005717579
19039,19,0.005566682
19037,19,0.005324838
19035,19,0.003984981
19033,19,0.016209773
19031,19,0.012919285
19029,19,0.009266024
19027,19,0.006185577
19025,19,0.005086983
19023,19,0.003494232
19021,19,0.005394697
19019,19,0.008736673
19017,19,0.008933275
19015,19,0.009932588
19013,19,0.032120056
19011,19,0.010060367
19009,19,0.00195308
19007,19,0.003586706
19005,19,0.004008063
19003,19,0.001781207
19001,19,0.007459156
19197,19,0.003970111
19195,19,0.006092119
19193,19,0.024367905
19191,19,0.006561295
19189,19,0.002356567
19187,19,0.012413755
19185,19,0.002007162
19183,19,0.010151318
19181,19,0.017126474
19179,19,0.011093009
19177,19,0.002306723
19175,19,0.003232756
19173,19,0.001542702
19171,19,0.006657679
19169,19,0.025718656
19167,19,0.010635229
19165,19,0.003880162
19163,19,0.04503724
19161,19,0.004780148
19159,19,0.001820075
19157,19,0.012138944
19155,19,0.034476382
19153,19,0.112318995
19151,19,0.002924861
19149,19,0.010280417
19147,19,0.003192062
19145,19,0.003870992
19143,19,0.003170064
19141,19,0.004921816
19139,19,0.011988903
19137,19,0.003092254
18021,18,0.005119325
18019,18,0.018158908
18017,18,0.004725287
18015,18,0.003427558
18013,18,0.002089806
18011,18,0.015581755
18009,18,0.00129564
18007,18,0.001791198
18005,18,0.016711265
18003,18,0.048194659
18001,18,0.003738874
18183,18,0.006229715
18181,18,0.00712237
18179,18,0.003886946
18177,18,0.01058916
18175,18,0.003753932
18173,18,0.00870151
18171,18,0.001970012
18169,18,0.004392635
18167,18,0.015361657
18165,18,0.003690113
18163,18,0.022275853
18161,18,0.000992624
18159,18,0.003870892
18157,18,0.021704438
18155,18,0.001327998
18153,18,0.004203379
18151,18,0.008622295
18149,18,0.003273459
18147,18,0.005700924
18145,18,0.010160634
18143,18,0.004078851
18141,18,0.032355261
18139,18,0.002685767
18137,18,0.005017002
18135,18,0.003344823
18133,18,0.008150687
18131,18,0.002047717
18129,18,0.004786385
18127,18,0.027066954
18125,18,0.002661137
18123,18,0.003279713
18121,18,0.002468532
18119,18,0.002671615
18117,18,0.002477982
18115,18,0.000707486
18113,18,0.006775981
18111,18,0.003662613
18109,18,0.012690578
18107,18,0.007008499
18105,18,0.013739338
18103,18,0.006877148
18101,18,0.001899506
18099,18,0.008830984
18097,18,0.135132001
18095,18,0.01757719
18093,18,0.005810752
18091,18,0.025281528
18089,18,0.072711247
18087,18,0.006196872
18085,18,0.010426296
18083,18,0.006824756
18081,18,0.018326122
18079,18,0.00364708
18077,18,0.004067203
18075,18,0.002950961
18073,18,0.010616273
18071,18,0.00907738
18069,18,0.008017422
18067,18,0.009444215
18065,18,0.009251219
18063,18,0.02076236
18061,18,0.006073049
18059,18,0.013342171
18057,18,0.035280373
18055,18,0.00489812
18053,18,0.010374898
18051,18,0.008536639
18049,18,0.003161599
18047,18,0.002832583
18045,18,0.003224017
18043,18,0.009958848
18041,18,0.002015584
18039,18,0.028723818
18037,18,0.006497199
18035,18,0.016332735
18033,18,0.008828945
18031,18,0.006371948
18029,18,0.008702436
18027,18,0.00426178
18025,18,0.002740411
18023,18,0.007772593
17203,17,0.004768415
17201,17,0.023000385
17199,17,0.007978683
17197,17,0.053708728
17195,17,0.00532797
17193,17,0.002289382
17191,17,0.002471278
17189,17,0.00420001
17187,17,0.002040009
17185,17,0.000926117
17183,17,0.006835533
17181,17,0.002476116
17179,17,0.012226473
17177,17,0.004295625
17175,17,0.000719302
17173,17,0.00253717
17171,17,0.000985066
17169,17,0.001020764
17167,17,0.019927476
17165,17,0.002500135
17163,17,0.026329566
17161,17,0.011012704
17159,17,0.001535744
17157,17,0.002972306
17155,17,0.000740275
17153,17,0.001266192
17151,17,0.000489388
17149,17,0.002988467
17147,17,0.002372858
17145,17,0.002092857
17143,17,0.015516457
17141,17,0.007218627
17139,17,0.001862445
17137,17,0.003836751
17135,17,0.004876537
17133,17,0.003748347
17131,17,0.001384416
17129,17,0.000922229
17127,17,0.002046722
17125,17,0.001144339
17123,17,0.002060942
17121,17,0.004749172
17119,17,0.02649887
17117,17,0.004128851
17115,17,0.008766405
17113,17,0.017340402
17111,17,0.020508011
17109,17,0.002497326
17107,17,0.005367098
17105,17,0.005492823
17103,17,0.006040498
17101,17,0.001636001
17099,17,0.013694274
17097,17,0.053374337
17095,17,0.005027351
17093,17,0.00768869
17091,17,0.009025742
17089,17,0.035259082
17087,17,0.002680014
17085,17,0.002498572
17083,17,0.002169674
17081,17,0.007048381
17079,17,0.001333073
17077,17,0.004855678
17075,17,0.005335689
17073,17,0.007081568
17071,17,0.001333068
17069,17,0.000357711
17067,17,0.002046895
17065,17,0.000894211
17063,17,0.006890519
17061,17,0.001328416
17059,17,0.000694829
17057,17,0.003456106
17055,17,0.005431415
17053,17,0.001739442
17051,17,0.004239442
17049,17,0.007028203
17047,17,0.000795146
17045,17,0.001781451
17043,17,0.078860948
17041,17,0.00288986
17039,17,0.002039143
17037,17,0.008422574
17035,17,0.003278868
17033,17,0.001671139
17031,17,0.289512874
17029,17,0.005139076
17027,17,0.004509439
17025,17,0.001581299
17023,17,0.003627194
17021,17,0.003318839
17019,17,0.016559575
17017,17,0.001164768
17015,17,0.001604107
17013,17,0.000366382
17011,17,0.005328376
17009,17,0.000641276
17007,17,0.005558793
17005,17,0.002706855
17003,17,0.001173508
17001,17,0.00527786
16087,16,0.00636847
16085,16,0.011632864
16083,16,0.036469777
16081,16,0.007195802
16079,16,0.012683808
16077,16,0.011722737
16075,16,0.017146584
16073,16,0.007863478
16071,16,0.00978399
16069,16,0.026460135
16067,16,0.014354154
16065,16,0.014740575
16063,16,0.006739376
16061,16,0.004124937
16059,16,0.005208371
16057,16,0.016223048
16055,16,0.091592409
16053,16,0.029568294
16051,16,0.014487687
16049,16,0.015128516
16047,16,0.018994062
16045,16,0.006590174
16043,16,0.01412112
16041,16,0.006612597
16039,16,0.036388247
16037,16,0.005069972
16035,16,0.005059359
16033,16,0.003907451
16031,16,0.023705565
16029,16,0.005569459
16027,16,0.095195415
16025,16,0.002053439
16023,16,0.00539635
16021,16,0.009416848
16019,16,0.056258745
16017,16,0.028492919
16015,16,0.010203641
16013,16,0.017031172
16011,16,0.032040516
16009,16,0.008265063
16007,16,0.00617568
16005,16,0.044173062
16003,16,0.00489966
16001,16,0.194884475
13021,13,0.016923694
13019,13,0.001836374
13017,13,0.001292271
13015,13,0.016236799
13013,13,0.006646864
13011,13,0.002735052
13009,13,0.003981016
13007,13,0.000626871
13005,13,0.001307555
13003,13,0.001229364
13001,13,0.002292464
13321,13,0.003336282
13319,13,0.001788091
13317,13,0.001349831
13315,13,0.000649712
13313,13,0.011361291
13311,13,0.002526957
13309,13,0.000777528
13307,13,0.000518332
13305,13,0.004038039
13303,13,0.002081301
13301,13,0.00198425
13299,13,0.003898134
13297,13,0.007664354
13295,13,0.004300018
13293,13,0.002038068
13291,13,0.002313416
13289,13,0.003269563
13287,13,0.003144371
13285,13,0.00950591
13283,13,0.001856721
13281,13,0.001250145
13279,13,0.002838406
13277,13,0.006634631
13275,13,0.004525715
13273,13,0.001703731
13271,13,0.001160985
13269,13,0.00166192
13267,13,0.002198814
13265,13,0.00107958
13263,13,0.001183077
13261,13,0.002932807
13259,13,0.000968478
13257,13,0.002193421
13255,13,0.005855436
13253,13,0.000923702
13251,13,0.001817573
13249,13,0.000769826
13247,13,0.008566869
13245,13,0.017481896
13243,13,0.000805558
13241,13,0.002319276
13239,13,0.000320003
13237,13,0.00277805
13235,13,0.001351331
13233,13,0.003339915
13231,13,0.002033934
13229,13,0.001947214
13227,13,0.003322255
13225,13,0.004953844
13223,13,0.00896102
13221,13,0.001383358
13219,13,0.004900157
13217,13,0.008450128
13215,13,0.013813246
13213,13,0.00196126
13211,13,0.004792611
13209,13,0.00104384
13207,13,0.008669905
13205,13,0.00213773
13201,13,0.000836146
13199,13,0.003043079
13197,13,0.000750033
13195,13,0.002815172
13193,13,0.001312821
13191,13,0.004888815
13189,13,0.003431559
13187,13,0.002745321
13185,13,0.013093083
13183,13,0.001793391
13181,13,0.000657944
13179,13,0.00900532
13177,13,0.002422175
13175,13,0.007113813
13173,13,0.000949497
13171,13,0.003023794
13169,13,0.002863983
13167,13,0.00074081
13165,13,0.001313381
13163,13,0.002550471
13161,13,0.001347443
13159,13,0.001501339
13157,13,0.010374006
13155,13,0.001379568
13153,13,0.011714964
13151,13,0.019166053
13149,13,0.001212917
13147,13,0.002180619
13145,13,0.004626578
13143,13,0.003376113
13141,13,0.000827214
13139,13,0.016947839
13137,13,0.004733192
13135,13,0.063889714
13133,13,0.003251251
13131,13,0.002652347
13129,13,0.007424859
13127,13,0.009050225
13125,13,0.000228173
13123,13,0.00335818
13121,13,0.103249124
13119,13,0.005195965
13117,13,0.01464114
13115,13,0.009938236
13113,13,0.009512588
13111,13,0.002812796
13109,13,0.001158031
13107,13,0.003688501
13105,13,0.001760659
13103,13,0.004671712
13101,13,0.000469434
13099,13,0.001611417
13097,13,0.012731703
13095,13,0.007525595
13093,13,0.003983525
13091,13,0.001998647
13089,13,0.064840794
13087,13,0.003521726
13085,13,0.002467134
13083,13,0.003328261
13081,13,0.004359776
13079,13,0.001086495
13077,13,0.013049072
13075,13,0.004287813
13073,13,0.00910424
13071,13,0.003927936
13069,13,0.003794045
13067,13,0.055069657
13065,13,0.001107003
13063,13,0.024904025
13061,13,0.000377249
13059,13,0.008942803
13057,13,0.017117084
13055,13,0.002232002
13053,13,0.001152878
13051,13,0.028232701
13049,13,0.001411139
13047,13,0.007398724
13045,13,0.011802016
13043,13,0.002340619
13039,13,0.00773381
13037,13,0.000645619
13035,13,0.003507022
13033,13,0.003464054
13031,13,0.008913683
13029,13,0.006668472
13027,13,0.001978473
13025,13,0.0018531
13023,13,0.001296158
12133,12,0.002243513
12131,12,0.006610378
12129,12,0.001624781
12127,12,0.026823924
12125,12,0.00077274
12123,12,0.001722372
12121,12,0.003994795
12119,12,0.008755404
12117,12,0.019036646
12115,12,0.019678298
12113,12,0.008673101
12111,12,0.014888449
12109,12,0.014440741
12107,12,0.003814619
12105,12,0.032903503
12103,12,0.039234637
12101,12,0.023211706
12099,12,0.069382403
12097,12,0.01958939
12095,12,0.072363898
12093,12,0.002841275
12091,12,0.0115849
12089,12,0.005840221
12087,12,0.006079123
12086,12,0.091881893
12085,12,0.010424575
12083,12,0.020195298
12081,12,0.016393911
12079,12,0.002636928
12077,12,0.000521969
12075,12,0.003087953
12073,12,0.012983554
12071,12,0.032395177
12069,12,0.017930235
12067,12,0.000542409
12065,12,0.00193247
12063,12,0.004762383
12061,12,0.008100988
12059,12,0.001253564
12057,12,0.064125955
12055,12,0.004919755
12053,12,0.008775338
12051,12,0.002552287
12049,12,0.001953525
12047,12,0.002608898
12045,12,0.001039929
12043,12,0.00133276
12041,12,0.001092641
12039,12,0.003611142
12037,12,0.000941166
12035,12,0.00519787
12033,12,0.014985734
12031,12,0.048965714
12029,12,0.001118442
12027,12,0.002268561
12023,12,0.007048299
12021,12,0.018388992
12019,12,0.007556485
12017,12,0.00667103
12015,12,0.009580081
12013,12,0.001019876
12011,12,0.082202836
12009,12,0.029485583
12007,12,0.002547426
12005,12,0.010036796
12003,12,0.002306581
12001,12,0.016512174
11001,11,1
10005,10,0.263405191
10003,10,0.563394021
10001,10,0.173200788
9015,9,0.033149618
9013,9,0.050324885
9011,9,0.091948955
9009,9,0.231662215
9007,9,0.059512181
9005,9,0.049857734
9003,9,0.256113178
9001,9,0.227431235
8009,8,0.002042646
8007,8,0.004110865
8005,8,0.082585119
8003,8,0.004466273
8001,8,0.085807666
8125,8,0.002907929
8123,8,0.063078077
8121,8,0.003536174
8119,8,0.004918073
8117,8,0.011139823
8115,8,0.001760581
8113,8,0.002348379
8111,8,0.000628706
8109,8,0.002534909
8107,8,0.006828593
8105,8,0.003345266
8103,8,0.003429658
8101,8,0.027402809
8099,8,0.003814159
8097,8,0.005172771
8095,8,0.000984383
8093,8,0.006570059
8091,8,0.002410688
8089,8,0.00379666
8087,8,0.007672305
8085,8,0.006699556
8083,8,0.008940109
8081,8,0.003597899
8079,8,0.001239211
8077,8,0.024510673
8075,8,0.006302173
8073,8,0.004976656
8071,8,0.005019795
8069,8,0.058020129
8067,8,0.014067219
8065,8,0.001858922
8063,8,0.00461887
8061,8,0.001659661
8059,8,0.090857786
8057,8,0.001317494
8055,8,0.005034685
8053,8,0.00033069
8051,8,0.005420286
8049,8,0.00695491
8047,8,0.00155532
8045,8,0.016459353
8043,8,0.008511456
8041,8,0.100655178
8039,8,0.006675876
8037,8,0.01558793
8035,8,0.05836225
8033,8,0.001238353
8031,8,0.104867788
8029,8,0.006408674
8027,8,0.000971499
8025,8,0.00074422
8023,8,0.001940898
8021,8,0.001845047
8019,8,0.010517701
8017,8,0.001922065
8015,8,0.005921966
8014,8,0.013130912
8013,8,0.046300871
8011,8,0.001663351
6115,6,0.002090939
6113,6,0.006499423
6111,6,0.020521552
6109,6,0.001906019
6107,6,0.010916994
6105,6,0.000699434
6103,6,0.002751606
6101,6,0.002842986
6099,6,0.012677911
6097,6,0.013207197
6095,6,0.014038706
6093,6,0.002657215
6091,6,0.000417124
6089,6,0.005843276
6087,6,0.005385523
6085,6,0.043922035
6083,6,0.010472149
6081,6,0.019615656
6079,6,0.009582691
6077,6,0.019250226
6075,6,0.009780997
6073,6,0.08394995
6071,6,0.063114928
6069,6,0.00190179
6067,6,0.033585856
6065,6,0.05989552
6063,6,0.0010759
6061,6,0.01015914
6059,6,0.078780018
6057,6,0.002962621
6055,6,0.003595515
6053,6,0.011106029
6051,6,0.001459224
6049,6,0.00068429
6047,6,0.008435121
6045,6,0.004104351
6043,6,0.000630381
6041,6,0.008303185
6039,6,0.00538324
6037,6,0.244816756
6035,6,0.001691873
6033,6,0.002406095
6031,6,0.004966857
6029,6,0.027290788
6027,6,0.002527778
6025,6,0.006888239
6023,6,0.004435911
6021,6,0.001522853
6019,6,0.023255453
6017,6,0.005478369
6015,6,0.001021336
6013,6,0.026285322
6011,6,0.001773065
6009,6,0.00145479
6007,6,0.006263603
6005,6,0.001530992
6003,6,0.000248363
6001,6,0.041934839
5149,5,0.006738508
5147,5,0.002743386
5145,5,0.025293784
5143,5,0.056902333
5141,5,0.007212745
5139,5,0.013637877
5137,5,0.003546118
5135,5,0.005626678
5133,5,0.005902026
5131,5,0.03193189
5129,5,0.003837647
5127,5,0.004345817
5125,5,0.030101986
5123,5,0.020756387
5121,5,0.005600092
5119,5,0.129377252
5117,5,0.010446757
5115,5,0.019476731
5113,5,0.005691795
5111,5,0.009629012
5109,5,0.003702158
5107,5,0.005489576
5105,5,0.003327094
5103,5,0.008187373
5101,5,0.002253003
5099,5,0.006592337
5097,5,0.003625158
5095,5,0.007064642
5093,5,0.0192833
5091,5,0.016032339
5089,5,0.00487456
5087,5,0.006320101
5085,5,0.025555569
5083,5,0.006089467
5081,5,0.005358036
5079,5,0.004953201
5077,5,0.003260749
5075,5,0.00930571
5073,5,0.002897905
5071,5,0.011184849
5069,5,0.022849338
5067,5,0.007735053
5065,5,0.003340951
5063,5,0.012851477
5061,5,0.004301695
5059,5,0.016847851
5057,5,0.012756382
5055,5,0.01115999
5053,5,0.00779257
5051,5,0.025454555
5049,5,0.004586584
5047,5,0.008808306
5045,5,0.036239447
5043,5,0.008187589
5041,5,0.004738738
5039,5,0.003587174
5037,5,0.005632236
5035,5,0.022905078
5033,5,0.021480356
5031,5,0.030491628
5029,5,0.012087229
5027,5,0.00717118
5025,5,0.003832377
5023,5,0.008009503
5021,5,0.005148493
5019,5,0.01292629
5017,5,0.005550164
5015,5,0.009037506
5013,5,0.003878688
5011,5,0.003568258
5009,5,0.012623855
5007,5,0.066973696
5005,5,0.010600013
5003,5,0.006303552
5001,5,0.00638625
4009,4,0.005801604
4007,4,0.012375988
4005,4,0.043722042
4003,4,0.023691132
4001,4,0.01813056
4027,4,0.027849899
4025,4,0.049555365
4023,4,0.006985564
4021,4,0.055583389
4019,4,0.124975471
4017,4,0.026428671
4015,4,0.046038519
4013,4,0.542026415
4012,4,0.015406971
4011,4,0.00142841
1133,1,0.00401258
1131,1,0.002998443
1129,1,0.005226606
1127,1,0.013744469
1125,1,0.042359335
1123,1,0.008942707
1121,1,0.01786381
1119,1,0.006339044
1117,1,0.036456124
1115,1,0.020095295
1113,1,0.012151564
1111,1,0.003934748
1109,1,0.008562503
1107,1,0.004511007
1105,1,0.001842955
1103,1,0.022758945
1101,1,0.046342851
1099,1,0.004386983
1097,1,0.070277714
1095,1,0.014321231
1093,1,0.008104942
1091,1,0.005062493
1089,1,0.060740405
1087,1,0.009308278
1085,1,0.006809187
1083,1,0.020884616
1081,1,0.026384542
1079,1,0.009055091
1077,1,0.013745772
1075,1,0.002573403
1073,1,0.124312365
1071,1,0.011957551
1069,1,0.0205139
1067,1,0.005233524
1065,1,0.003439968
1063,1,0.006168783
1061,1,0.00547254
1059,1,0.00572424
1057,1,0.003161962
1055,1,0.017964704
1053,1,0.010717442
1051,1,0.015721917
1049,1,0.014322944
1047,1,0.00736066
1045,1,0.010784526
1043,1,0.019076466
1041,1,0.003574328
1039,1,0.008357492
1037,1,0.003987514
1035,1,0.006949009
1033,1,0.012396382
1031,1,0.009058126
1029,1,0.007478286
1027,1,0.002467115
1025,1,0.005965874
1023,1,0.003289932
1021,1,0.012847026
1019,1,0.005192531
1017,1,0.007451504
1015,1,0.021126963
1013,1,0.009887988
1011,1,0.00241158
1009,1,0.010794562
1007,1,0.004810897
1005,1,0.005742526
1003,1,0.05365466
1001,1,0.010824569
