countyID,stateID,countyTypeID
1001,1,1
1003,1,1
1005,1,0
1007,1,1
1009,1,1
1011,1,0
1013,1,0
1015,1,1
1017,1,0
1019,1,0
1021,1,1
1023,1,0
1025,1,0
1027,1,0
1029,1,0
1031,1,0
1033,1,1
1035,1,0
1037,1,0
1039,1,0
1041,1,0
1043,1,0
1045,1,0
1047,1,0
1049,1,0
1051,1,1
1053,1,0
1055,1,1
1057,1,0
1059,1,0
1061,1,1
1063,1,0
1065,1,1
1067,1,1
1069,1,1
1071,1,0
1073,1,1
1075,1,0
1077,1,1
1079,1,1
1081,1,1
1083,1,1
1085,1,1
1087,1,0
1089,1,1
1091,1,0
1093,1,0
1095,1,0
1097,1,1
1099,1,0
1101,1,1
1103,1,1
1105,1,0
1107,1,1
1109,1,0
1111,1,0
1113,1,1
1115,1,1
1117,1,1
1119,1,0
1121,1,0
1123,1,0
1125,1,1
1127,1,1
1129,1,0
1131,1,0
1133,1,0
2013,2,0
2016,2,0
2020,2,1
2050,2,0
2060,2,0
2068,2,0
2070,2,0
2090,2,1
2100,2,0
2110,2,0
2122,2,0
2130,2,0
2150,2,0
2164,2,0
2170,2,1
2180,2,0
2185,2,0
2188,2,0
2201,2,0
2220,2,0
2232,2,0
2240,2,0
2261,2,0
2270,2,0
2280,2,0
2282,2,0
2290,2,0
4001,4,0
4003,4,1
4005,4,1
4007,4,0
4009,4,0
4011,4,0
4012,4,0
4013,4,1
4015,4,1
4017,4,0
4019,4,1
4021,4,1
4023,4,0
4025,4,1
4027,4,1
5001,5,0
5003,5,0
5005,5,0
5007,5,1
5009,5,0
5011,5,0
5013,5,0
5015,5,0
5017,5,0
5019,5,0
5021,5,0
5023,5,0
5025,5,1
5027,5,0
5029,5,0
5031,5,1
5033,5,1
5035,5,1
5037,5,0
5039,5,0
5041,5,0
5043,5,0
5045,5,1
5047,5,0
5049,5,0
5051,5,1
5053,5,1
5055,5,0
5057,5,0
5059,5,0
5061,5,0
5063,5,0
5065,5,0
5067,5,0
5069,5,1
5071,5,0
5073,5,0
5075,5,0
5077,5,0
5079,5,1
5081,5,1
5083,5,0
5085,5,1
5087,5,1
5089,5,0
5091,5,1
5093,5,0
5095,5,0
5097,5,0
5099,5,0
5101,5,0
5103,5,0
5105,5,1
5107,5,0
5109,5,0
5111,5,1
5113,5,0
5115,5,0
5117,5,0
5119,5,1
5121,5,0
5123,5,0
5125,5,1
5127,5,0
5129,5,0
5131,5,1
5133,5,0
5135,5,0
5137,5,0
5139,5,0
5141,5,0
5143,5,1
5145,5,0
5147,5,0
5149,5,0
6001,6,1
6003,6,0
6005,6,0
6007,6,1
6009,6,0
6011,6,0
6013,6,1
6015,6,0
6017,6,1
6019,6,1
6021,6,0
6023,6,0
6025,6,1
6027,6,0
6029,6,1
6031,6,1
6033,6,0
6035,6,0
6037,6,1
6039,6,1
6041,6,1
6043,6,0
6045,6,0
6047,6,1
6049,6,0
6051,6,0
6053,6,1
6055,6,1
6057,6,0
6059,6,1
6061,6,1
6063,6,0
6065,6,1
6067,6,1
6069,6,1
6071,6,1
6073,6,1
6075,6,1
6077,6,1
6079,6,1
6081,6,1
6083,6,1
6085,6,1
6087,6,1
6089,6,1
6091,6,0
6093,6,0
6095,6,1
6097,6,1
6099,6,1
6101,6,1
6103,6,0
6105,6,0
6107,6,1
6109,6,0
6111,6,1
6113,6,1
6115,6,1
8001,8,1
8003,8,0
8005,8,1
8007,8,0
8009,8,0
8011,8,0
8013,8,1
8015,8,0
8017,8,0
8019,8,1
8021,8,0
8023,8,0
8025,8,0
8027,8,0
8029,8,0
8031,8,1
8033,8,0
8035,8,1
8037,8,0
8039,8,1
8041,8,1
8043,8,0
8045,8,0
8047,8,1
8049,8,0
8051,8,0
8053,8,0
8055,8,0
8057,8,0
8059,8,1
8061,8,0
8063,8,0
8065,8,0
8067,8,0
8069,8,1
8071,8,0
8073,8,0
8075,8,0
8077,8,1
8079,8,0
8081,8,0
8083,8,0
8085,8,0
8087,8,0
8089,8,0
8091,8,0
8093,8,1
8095,8,0
8097,8,0
8099,8,0
8101,8,1
8103,8,0
8105,8,0
8107,8,0
8109,8,0
8111,8,0
8113,8,0
8115,8,0
8117,8,0
8119,8,1
8121,8,0
8123,8,1
8125,8,0
9001,9,1
9003,9,1
9005,9,0
9007,9,1
9009,9,1
9011,9,1
9013,9,1
9015,9,1
10001,10,1
10003,10,1
10005,10,1
11001,11,1
12001,12,1
12003,12,1
12005,12,1
12007,12,0
12009,12,1
12011,12,1
12013,12,0
12015,12,1
12017,12,1
12019,12,1
12021,12,1
12023,12,0
12027,12,0
12029,12,0
12031,12,1
12033,12,1
12035,12,1
12037,12,0
12039,12,1
12041,12,1
12043,12,0
12045,12,1
12047,12,0
12049,12,0
12051,12,0
12053,12,1
12055,12,1
12057,12,1
12059,12,0
12061,12,1
12063,12,0
12065,12,1
12067,12,0
12069,12,1
12071,12,1
12073,12,1
12075,12,0
12077,12,0
12079,12,0
12081,12,1
12083,12,1
12085,12,1
12086,12,1
12087,12,0
12089,12,1
12091,12,1
12093,12,0
12095,12,1
12097,12,1
12099,12,1
12101,12,1
12103,12,1
12105,12,1
12107,12,0
12109,12,1
12111,12,1
12113,12,1
12115,12,1
12117,12,1
12119,12,1
12121,12,0
12123,12,0
12125,12,0
12127,12,1
12129,12,1
12131,12,1
12133,12,0
13001,13,0
13003,13,0
13005,13,0
13007,13,1
13009,13,0
13011,13,0
13013,13,1
13015,13,1
13017,13,0
13019,13,0
13021,13,1
13023,13,0
13025,13,1
13027,13,1
13029,13,1
13031,13,0
13033,13,1
13035,13,1
13037,13,0
13039,13,0
13043,13,0
13045,13,1
13047,13,1
13049,13,0
13051,13,1
13053,13,1
13055,13,0
13057,13,1
13059,13,1
13061,13,0
13063,13,1
13065,13,0
13067,13,1
13069,13,0
13071,13,0
13073,13,1
13075,13,0
13077,13,1
13079,13,1
13081,13,0
13083,13,1
13085,13,1
13087,13,0
13089,13,1
13091,13,0
13093,13,0
13095,13,1
13097,13,1
13099,13,0
13101,13,1
13103,13,1
13105,13,0
13107,13,0
13109,13,0
13111,13,0
13113,13,1
13115,13,1
13117,13,1
13119,13,0
13121,13,1
13123,13,0
13125,13,0
13127,13,1
13129,13,0
13131,13,0
13133,13,0
13135,13,1
13137,13,0
13139,13,1
13141,13,0
13143,13,1
13145,13,1
13147,13,0
13149,13,1
13151,13,1
13153,13,1
13155,13,0
13157,13,0
13159,13,1
13161,13,0
13163,13,0
13165,13,0
13167,13,0
13169,13,1
13171,13,1
13173,13,1
13175,13,0
13177,13,1
13179,13,1
13181,13,1
13183,13,1
13185,13,1
13187,13,0
13189,13,1
13191,13,1
13193,13,0
13195,13,1
13197,13,1
13199,13,1
13201,13,0
13205,13,0
13207,13,1
13209,13,0
13211,13,1
13213,13,1
13215,13,1
13217,13,1
13219,13,1
13221,13,1
13223,13,1
13225,13,1
13227,13,1
13229,13,0
13231,13,1
13233,13,0
13235,13,1
13237,13,0
13239,13,0
13241,13,0
13243,13,0
13245,13,1
13247,13,1
13249,13,0
13251,13,0
13253,13,0
13255,13,1
13257,13,0
13259,13,0
13261,13,0
13263,13,0
13265,13,0
13267,13,0
13269,13,0
13271,13,0
13273,13,1
13275,13,0
13277,13,0
13279,13,0
13281,13,0
13283,13,0
13285,13,0
13287,13,0
13289,13,1
13291,13,0
13293,13,0
13295,13,1
13297,13,1
13299,13,0
13301,13,0
13303,13,0
13305,13,0
13307,13,0
13309,13,0
13311,13,0
13313,13,1
13315,13,0
13317,13,0
13319,13,0
13321,13,1
15001,15,0
15003,15,1
15005,15,0
15007,15,0
15009,15,1
16001,16,1
16003,16,0
16005,16,1
16007,16,0
16009,16,0
16011,16,0
16013,16,0
16015,16,1
16017,16,0
16019,16,1
16021,16,0
16023,16,1
16025,16,0
16027,16,1
16029,16,0
16031,16,0
16033,16,0
16035,16,0
16037,16,0
16039,16,0
16041,16,1
16043,16,0
16045,16,1
16047,16,0
16049,16,0
16051,16,1
16053,16,0
16055,16,1
16057,16,0
16059,16,0
16061,16,0
16063,16,0
16065,16,0
16067,16,0
16069,16,1
16071,16,0
16073,16,1
16075,16,0
16077,16,0
16079,16,0
16081,16,0
16083,16,0
16085,16,0
16087,16,0
17001,17,0
17003,17,1
17005,17,1
17007,17,1
17009,17,0
17011,17,0
17013,17,1
17015,17,0
17017,17,0
17019,17,1
17021,17,0
17023,17,0
17025,17,0
17027,17,1
17029,17,0
17031,17,1
17033,17,0
17035,17,0
17037,17,1
17039,17,1
17041,17,0
17043,17,1
17045,17,0
17047,17,0
17049,17,0
17051,17,0
17053,17,1
17055,17,0
17057,17,0
17059,17,0
17061,17,0
17063,17,1
17065,17,0
17067,17,0
17069,17,0
17071,17,0
17073,17,1
17075,17,0
17077,17,1
17079,17,0
17081,17,0
17083,17,1
17085,17,0
17087,17,0
17089,17,1
17091,17,1
17093,17,1
17095,17,0
17097,17,1
17099,17,0
17101,17,0
17103,17,0
17105,17,0
17107,17,0
17109,17,0
17111,17,1
17113,17,1
17115,17,1
17117,17,1
17119,17,1
17121,17,0
17123,17,1
17125,17,0
17127,17,0
17129,17,1
17131,17,1
17133,17,1
17135,17,0
17137,17,0
17139,17,0
17141,17,0
17143,17,1
17145,17,0
17147,17,1
17149,17,0
17151,17,0
17153,17,0
17155,17,0
17157,17,0
17159,17,0
17161,17,1
17163,17,1
17165,17,0
17167,17,1
17169,17,0
17171,17,0
17173,17,0
17175,17,1
17177,17,0
17179,17,1
17181,17,0
17183,17,1
17185,17,0
17187,17,0
17189,17,0
17191,17,0
17193,17,0
17195,17,0
17197,17,1
17199,17,1
17201,17,1
17203,17,1
18001,18,0
18003,18,1
18005,18,1
18007,18,1
18009,18,0
18011,18,1
18013,18,1
18015,18,1
18017,18,0
18019,18,1
18021,18,1
18023,18,0
18025,18,0
18027,18,0
18029,18,1
18031,18,0
18033,18,0
18035,18,1
18037,18,0
18039,18,1
18041,18,0
18043,18,1
18045,18,0
18047,18,0
18049,18,0
18051,18,0
18053,18,0
18055,18,0
18057,18,1
18059,18,1
18061,18,1
18063,18,1
18065,18,0
18067,18,1
18069,18,0
18071,18,0
18073,18,1
18075,18,0
18077,18,0
18079,18,0
18081,18,1
18083,18,0
18085,18,0
18087,18,0
18089,18,1
18091,18,1
18093,18,0
18095,18,1
18097,18,1
18099,18,0
18101,18,0
18103,18,0
18105,18,1
18107,18,0
18109,18,1
18111,18,1
18113,18,0
18115,18,1
18117,18,0
18119,18,1
18121,18,0
18123,18,0
18125,18,0
18127,18,1
18129,18,1
18131,18,0
18133,18,1
18135,18,0
18137,18,0
18139,18,0
18141,18,1
18143,18,1
18145,18,1
18147,18,0
18149,18,0
18151,18,0
18153,18,1
18155,18,0
18157,18,1
18159,18,0
18161,18,1
18163,18,1
18165,18,1
18167,18,1
18169,18,0
18171,18,0
18173,18,1
18175,18,1
18177,18,0
18179,18,1
18181,18,0
18183,18,1
19001,19,0
19003,19,0
19005,19,0
19007,19,0
19009,19,0
19011,19,1
19013,19,1
19015,19,0
19017,19,1
19019,19,0
19021,19,0
19023,19,0
19025,19,0
19027,19,0
19029,19,0
19031,19,0
19033,19,0
19035,19,0
19037,19,0
19039,19,0
19041,19,0
19043,19,0
19045,19,0
19047,19,0
19049,19,1
19051,19,0
19053,19,0
19055,19,0
19057,19,0
19059,19,0
19061,19,1
19063,19,0
19065,19,0
19067,19,0
19069,19,0
19071,19,0
19073,19,0
19075,19,1
19077,19,1
19079,19,0
19081,19,0
19083,19,0
19085,19,1
19087,19,0
19089,19,0
19091,19,0
19093,19,0
19095,19,0
19097,19,0
19099,19,0
19101,19,0
19103,19,1
19105,19,1
19107,19,0
19109,19,0
19111,19,0
19113,19,1
19115,19,0
19117,19,0
19119,19,0
19121,19,1
19123,19,0
19125,19,0
19127,19,0
19129,19,1
19131,19,0
19133,19,0
19135,19,0
19137,19,0
19139,19,0
19141,19,0
19143,19,0
19145,19,0
19147,19,0
19149,19,1
19151,19,0
19153,19,1
19155,19,1
19157,19,0
19159,19,0
19161,19,0
19163,19,1
19165,19,0
19167,19,0
19169,19,1
19171,19,0
19173,19,0
19175,19,0
19177,19,0
19179,19,0
19181,19,1
19183,19,1
19185,19,0
19187,19,0
19189,19,0
19191,19,0
19193,19,1
19195,19,0
19197,19,0
20001,20,0
20003,20,0
20005,20,0
20007,20,0
20009,20,0
20011,20,0
20013,20,0
20015,20,1
20017,20,0
20019,20,0
20021,20,0
20023,20,0
20025,20,0
20027,20,0
20029,20,0
20031,20,0
20033,20,0
20035,20,0
20037,20,0
20039,20,0
20041,20,0
20043,20,1
20045,20,1
20047,20,0
20049,20,0
20051,20,0
20053,20,0
20055,20,0
20057,20,0
20059,20,0
20061,20,0
20063,20,0
20065,20,0
20067,20,0
20069,20,0
20071,20,0
20073,20,0
20075,20,0
20077,20,0
20079,20,1
20081,20,0
20083,20,0
20085,20,1
20087,20,1
20089,20,0
20091,20,1
20093,20,0
20095,20,1
20097,20,0
20099,20,0
20101,20,0
20103,20,1
20105,20,0
20107,20,1
20109,20,0
20111,20,0
20113,20,0
20115,20,0
20117,20,0
20119,20,0
20121,20,1
20123,20,0
20125,20,0
20127,20,0
20129,20,0
20131,20,0
20133,20,0
20135,20,0
20137,20,0
20139,20,1
20141,20,0
20143,20,0
20145,20,0
20147,20,0
20149,20,1
20151,20,0
20153,20,0
20155,20,0
20157,20,0
20159,20,0
20161,20,1
20163,20,0
20165,20,0
20167,20,0
20169,20,0
20171,20,0
20173,20,1
20175,20,0
20177,20,1
20179,20,0
20181,20,0
20183,20,0
20185,20,0
20187,20,0
20189,20,0
20191,20,1
20193,20,0
20195,20,0
20197,20,1
20199,20,0
20201,20,0
20203,20,0
20205,20,0
20207,20,0
20209,20,1
21001,21,0
21003,21,1
21005,21,0
21007,21,0
21009,21,0
21011,21,0
21013,21,0
21015,21,1
21017,21,1
21019,21,1
21021,21,0
21023,21,1
21025,21,0
21027,21,0
21029,21,1
21031,21,1
21033,21,0
21035,21,0
21037,21,1
21039,21,0
21041,21,0
21043,21,0
21045,21,0
21047,21,1
21049,21,1
21051,21,0
21053,21,0
21055,21,0
21057,21,0
21059,21,1
21061,21,1
21063,21,0
21065,21,0
21067,21,1
21069,21,0
21071,21,0
21073,21,0
21075,21,0
21077,21,1
21079,21,0
21081,21,1
21083,21,0
21085,21,0
21087,21,0
21089,21,1
21091,21,1
21093,21,1
21095,21,0
21097,21,0
21099,21,0
21101,21,1
21103,21,1
21105,21,0
21107,21,0
21109,21,0
21111,21,1
21113,21,1
21115,21,0
21117,21,1
21119,21,0
21121,21,0
21123,21,1
21125,21,0
21127,21,0
21129,21,0
21131,21,0
21133,21,0
21135,21,0
21137,21,0
21139,21,0
21141,21,0
21143,21,0
21145,21,0
21147,21,0
21149,21,1
21151,21,0
21153,21,0
21155,21,0
21157,21,0
21159,21,0
21161,21,0
21163,21,1
21165,21,0
21167,21,0
21169,21,0
21171,21,0
21173,21,0
21175,21,0
21177,21,0
21179,21,0
21181,21,0
21183,21,0
21185,21,1
21187,21,0
21189,21,0
21191,21,1
21193,21,0
21195,21,0
21197,21,0
21199,21,0
21201,21,0
21203,21,0
21205,21,0
21207,21,0
21209,21,1
21211,21,1
21213,21,0
21215,21,1
21217,21,0
21219,21,0
21221,21,1
21223,21,1
21225,21,0
21227,21,1
21229,21,0
21231,21,0
21233,21,0
21235,21,0
21237,21,0
21239,21,1
22001,22,1
22003,22,0
22005,22,1
22007,22,0
22009,22,0
22011,22,0
22013,22,0
22015,22,1
22017,22,1
22019,22,1
22021,22,0
22023,22,1
22025,22,0
22027,22,0
22029,22,0
22031,22,1
22033,22,1
22035,22,0
22037,22,1
22039,22,0
22041,22,0
22043,22,1
22045,22,1
22047,22,1
22049,22,0
22051,22,1
22053,22,0
22055,22,1
22057,22,1
22059,22,0
22061,22,0
22063,22,1
22065,22,0
22067,22,0
22069,22,0
22071,22,1
22073,22,1
22075,22,1
22077,22,1
22079,22,1
22081,22,0
22083,22,0
22085,22,0
22087,22,1
22089,22,1
22091,22,1
22093,22,1
22095,22,1
22097,22,0
22099,22,1
22101,22,0
22103,22,1
22105,22,1
22107,22,0
22109,22,1
22111,22,1
22113,22,1
22115,22,0
22117,22,0
22119,22,1
22121,22,1
22123,22,0
22125,22,1
22127,22,0
23001,23,1
23003,23,0
23005,23,1
23007,23,0
23009,23,0
23011,23,0
23013,23,0
23015,23,0
23017,23,0
23019,23,1
23021,23,0
23023,23,1
23025,23,0
23027,23,0
23029,23,0
23031,23,1
24001,24,1
24003,24,1
24005,24,1
24009,24,1
24011,24,0
24013,24,1
24015,24,1
24017,24,1
24019,24,0
24021,24,1
24023,24,0
24025,24,1
24027,24,1
24029,24,0
24031,24,1
24033,24,1
24035,24,1
24037,24,1
24039,24,1
24041,24,0
24043,24,1
24045,24,1
24047,24,1
24510,24,1
25001,25,1
25003,25,1
25005,25,1
25007,25,0
25009,25,1
25011,25,0
25013,25,1
25015,25,1
25017,25,1
25019,25,0
25021,25,1
25023,25,1
25025,25,1
25027,25,1
26001,26,0
26003,26,0
26005,26,0
26007,26,0
26009,26,0
26011,26,0
26013,26,0
26015,26,1
26017,26,1
26019,26,0
26021,26,1
26023,26,0
26025,26,1
26027,26,1
26029,26,0
26031,26,0
26033,26,0
26035,26,0
26037,26,1
26039,26,0
26041,26,0
26043,26,0
26045,26,1
26047,26,0
26049,26,1
26051,26,0
26053,26,0
26055,26,0
26057,26,0
26059,26,0
26061,26,0
26063,26,0
26065,26,1
26067,26,0
26069,26,0
26071,26,0
26073,26,0
26075,26,1
26077,26,1
26079,26,0
26081,26,1
26083,26,0
26085,26,0
26087,26,1
26089,26,0
26091,26,0
26093,26,1
26095,26,0
26097,26,0
26099,26,1
26101,26,0
26103,26,0
26105,26,0
26107,26,0
26109,26,0
26111,26,1
26113,26,0
26115,26,1
26117,26,1
26119,26,0
26121,26,1
26123,26,0
26125,26,1
26127,26,0
26129,26,0
26131,26,0
26133,26,0
26135,26,0
26137,26,0
26139,26,1
26141,26,0
26143,26,0
26145,26,1
26147,26,1
26149,26,0
26151,26,0
26153,26,0
26155,26,0
26157,26,0
26159,26,1
26161,26,1
26163,26,1
26165,26,0
27001,27,0
27003,27,1
27005,27,0
27007,27,0
27009,27,1
27011,27,0
27013,27,1
27015,27,0
27017,27,1
27019,27,1
27021,27,0
27023,27,0
27025,27,1
27027,27,1
27029,27,0
27031,27,0
27033,27,0
27035,27,0
27037,27,1
27039,27,1
27041,27,0
27043,27,0
27045,27,1
27047,27,0
27049,27,0
27051,27,0
27053,27,1
27055,27,1
27057,27,0
27059,27,1
27061,27,0
27063,27,0
27065,27,0
27067,27,0
27069,27,0
27071,27,0
27073,27,0
27075,27,0
27077,27,0
27079,27,1
27081,27,0
27083,27,0
27085,27,0
27087,27,0
27089,27,0
27091,27,0
27093,27,0
27095,27,1
27097,27,0
27099,27,0
27101,27,0
27103,27,1
27105,27,0
27107,27,0
27109,27,1
27111,27,0
27113,27,0
27115,27,0
27117,27,0
27119,27,1
27121,27,0
27123,27,1
27125,27,0
27127,27,0
27129,27,0
27131,27,0
27133,27,0
27135,27,0
27137,27,1
27139,27,1
27141,27,1
27143,27,1
27145,27,1
27147,27,0
27149,27,0
27151,27,0
27153,27,0
27155,27,0
27157,27,1
27159,27,0
27161,27,0
27163,27,1
27165,27,0
27167,27,0
27169,27,0
27171,27,1
27173,27,0
28001,28,0
28003,28,0
28005,28,0
28007,28,0
28009,28,1
28011,28,0
28013,28,0
28015,28,0
28017,28,0
28019,28,0
28021,28,0
28023,28,0
28025,28,0
28027,28,0
28029,28,1
28031,28,0
28033,28,1
28035,28,1
28037,28,0
28039,28,0
28041,28,0
28043,28,0
28045,28,1
28047,28,1
28049,28,1
28051,28,0
28053,28,0
28055,28,0
28057,28,0
28059,28,1
28061,28,0
28063,28,0
28065,28,0
28067,28,0
28069,28,0
28071,28,0
28073,28,1
28075,28,0
28077,28,0
28079,28,0
28081,28,0
28083,28,0
28085,28,0
28087,28,0
28089,28,1
28091,28,0
28093,28,1
28095,28,0
28097,28,0
28099,28,0
28101,28,0
28103,28,0
28105,28,0
28107,28,0
28109,28,0
28111,28,1
28113,28,0
28115,28,0
28117,28,0
28119,28,0
28121,28,1
28123,28,0
28125,28,0
28127,28,1
28129,28,0
28131,28,0
28133,28,0
28135,28,0
28137,28,1
28139,28,0
28141,28,0
28143,28,1
28145,28,0
28147,28,0
28149,28,0
28151,28,0
28153,28,0
28155,28,0
28157,28,0
28159,28,0
28161,28,0
28163,28,1
29001,29,0
29003,29,1
29005,29,0
29007,29,0
29009,29,0
29011,29,0
29013,29,1
29015,29,0
29017,29,1
29019,29,1
29021,29,1
29023,29,0
29025,29,1
29027,29,1
29029,29,0
29031,29,1
29033,29,0
29035,29,0
29037,29,1
29039,29,0
29041,29,0
29043,29,1
29045,29,0
29047,29,1
29049,29,1
29051,29,1
29053,29,0
29055,29,0
29057,29,0
29059,29,1
29061,29,0
29063,29,1
29065,29,0
29067,29,0
29069,29,0
29071,29,1
29073,29,0
29075,29,0
29077,29,1
29079,29,0
29081,29,0
29083,29,0
29085,29,0
29087,29,0
29089,29,0
29091,29,0
29093,29,0
29095,29,1
29097,29,1
29099,29,1
29101,29,0
29103,29,0
29105,29,0
29107,29,1
29109,29,0
29111,29,0
29113,29,1
29115,29,0
29117,29,0
29119,29,1
29121,29,0
29123,29,0
29125,29,0
29127,29,0
29129,29,0
29131,29,0
29133,29,0
29135,29,1
29137,29,0
29139,29,0
29141,29,0
29143,29,0
29145,29,1
29147,29,0
29149,29,0
29151,29,1
29153,29,0
29155,29,0
29157,29,0
29159,29,0
29161,29,0
29163,29,0
29165,29,1
29167,29,1
29169,29,0
29171,29,0
29173,29,0
29175,29,0
29177,29,1
29179,29,0
29181,29,0
29183,29,1
29185,29,0
29186,29,0
29187,29,0
29189,29,1
29195,29,0
29197,29,0
29199,29,0
29201,29,0
29203,29,0
29205,29,0
29207,29,0
29209,29,0
29211,29,0
29213,29,0
29215,29,0
29217,29,0
29219,29,1
29221,29,0
29223,29,0
29225,29,1
29227,29,0
29229,29,0
29510,29,1
30001,30,0
30003,30,0
30005,30,0
30007,30,0
30009,30,1
30011,30,0
30013,30,1
30015,30,0
30017,30,0
30019,30,0
30021,30,0
30023,30,0
30025,30,0
30027,30,0
30029,30,0
30031,30,0
30033,30,0
30035,30,0
30037,30,1
30039,30,0
30041,30,0
30043,30,0
30045,30,0
30047,30,0
30049,30,0
30051,30,0
30053,30,0
30055,30,0
30057,30,0
30059,30,0
30061,30,0
30063,30,1
30065,30,0
30067,30,0
30069,30,0
30071,30,0
30073,30,0
30075,30,0
30077,30,0
30079,30,0
30081,30,0
30083,30,0
30085,30,0
30087,30,0
30089,30,0
30091,30,0
30093,30,0
30095,30,0
30097,30,0
30099,30,0
30101,30,0
30103,30,0
30105,30,0
30107,30,0
30109,30,0
30111,30,1
31001,31,0
31003,31,0
31005,31,0
31007,31,0
31009,31,0
31011,31,0
31013,31,0
31015,31,0
31017,31,0
31019,31,0
31021,31,0
31023,31,0
31025,31,1
31027,31,0
31029,31,0
31031,31,0
31033,31,0
31035,31,0
31037,31,0
31039,31,0
31041,31,0
31043,31,1
31045,31,0
31047,31,0
31049,31,0
31051,31,1
31053,31,0
31055,31,1
31057,31,0
31059,31,0
31061,31,0
31063,31,0
31065,31,0
31067,31,0
31069,31,0
31071,31,0
31073,31,0
31075,31,0
31077,31,0
31079,31,1
31081,31,1
31083,31,0
31085,31,0
31087,31,0
31089,31,0
31091,31,0
31093,31,1
31095,31,0
31097,31,0
31099,31,0
31101,31,0
31103,31,0
31105,31,0
31107,31,0
31109,31,1
31111,31,0
31113,31,0
31115,31,0
31117,31,0
31119,31,0
31121,31,1
31123,31,0
31125,31,0
31127,31,0
31129,31,0
31131,31,0
31133,31,0
31135,31,0
31137,31,0
31139,31,0
31141,31,0
31143,31,0
31145,31,0
31147,31,0
31149,31,0
31151,31,0
31153,31,1
31155,31,1
31157,31,0
31159,31,1
31161,31,0
31163,31,0
31165,31,0
31167,31,0
31169,31,0
31171,31,0
31173,31,0
31175,31,0
31177,31,1
31179,31,0
31181,31,0
31183,31,0
31185,31,0
32001,32,0
32003,32,1
32005,32,0
32007,32,0
32009,32,0
32011,32,0
32013,32,0
32015,32,0
32017,32,0
32019,32,0
32021,32,0
32023,32,0
32027,32,0
32029,32,1
32031,32,1
32033,32,0
32510,32,1
33001,33,0
33003,33,0
33005,33,0
33007,33,0
33009,33,0
33011,33,1
33013,33,0
33015,33,1
33017,33,1
33019,33,0
34001,34,1
34003,34,1
34005,34,1
34007,34,1
34009,34,1
34011,34,1
34013,34,1
34015,34,1
34017,34,1
34019,34,1
34021,34,1
34023,34,1
34025,34,1
34027,34,1
34029,34,1
34031,34,1
34033,34,1
34035,34,1
34037,34,1
34039,34,1
34041,34,1
35001,35,1
35003,35,0
35005,35,0
35006,35,0
35007,35,0
35009,35,0
35011,35,0
35013,35,1
35015,35,0
35017,35,0
35019,35,0
35021,35,0
35023,35,0
35025,35,0
35027,35,0
35028,35,0
35029,35,0
35031,35,0
35033,35,0
35035,35,0
35037,35,0
35039,35,0
35041,35,0
35043,35,1
35045,35,1
35047,35,0
35049,35,1
35051,35,0
35053,35,0
35055,35,0
35057,35,1
35059,35,0
35061,35,1
36001,36,1
36003,36,0
36005,36,1
36007,36,1
36009,36,0
36011,36,0
36013,36,0
36015,36,1
36017,36,0
36019,36,0
36021,36,0
36023,36,0
36025,36,0
36027,36,1
36029,36,1
36031,36,0
36033,36,0
36035,36,0
36037,36,0
36039,36,0
36041,36,0
36043,36,1
36045,36,1
36047,36,1
36049,36,0
36051,36,1
36053,36,1
36055,36,1
36057,36,0
36059,36,1
36061,36,1
36063,36,1
36065,36,1
36067,36,1
36069,36,1
36071,36,1
36073,36,1
36075,36,1
36077,36,0
36079,36,1
36081,36,1
36083,36,1
36085,36,1
36087,36,1
36089,36,0
36091,36,1
36093,36,1
36095,36,1
36097,36,0
36099,36,0
36101,36,0
36103,36,1
36105,36,0
36107,36,1
36109,36,1
36111,36,1
36113,36,1
36115,36,1
36117,36,1
36119,36,1
36121,36,0
36123,36,1
37001,37,1
37003,37,1
37005,37,0
37007,37,0
37009,37,0
37011,37,0
37013,37,0
37015,37,0
37017,37,0
37019,37,1
37021,37,1
37023,37,1
37025,37,1
37027,37,1
37029,37,0
37031,37,0
37033,37,0
37035,37,1
37037,37,1
37039,37,0
37041,37,0
37043,37,0
37045,37,0
37047,37,0
37049,37,1
37051,37,1
37053,37,1
37055,37,0
37057,37,1
37059,37,1
37061,37,0
37063,37,1
37065,37,1
37067,37,1
37069,37,1
37071,37,1
37073,37,1
37075,37,0
37077,37,0
37079,37,0
37081,37,1
37083,37,0
37085,37,0
37087,37,1
37089,37,1
37091,37,0
37093,37,1
37095,37,0
37097,37,1
37099,37,0
37101,37,1
37103,37,1
37105,37,0
37107,37,0
37109,37,1
37111,37,0
37113,37,0
37115,37,1
37117,37,0
37119,37,1
37121,37,0
37123,37,0
37125,37,0
37127,37,1
37129,37,1
37131,37,0
37133,37,1
37135,37,1
37137,37,1
37139,37,0
37141,37,1
37143,37,0
37145,37,1
37147,37,1
37149,37,0
37151,37,1
37153,37,0
37155,37,0
37157,37,1
37159,37,1
37161,37,0
37163,37,0
37165,37,0
37167,37,0
37169,37,1
37171,37,0
37173,37,0
37175,37,0
37177,37,0
37179,37,1
37181,37,0
37183,37,1
37185,37,0
37187,37,0
37189,37,0
37191,37,1
37193,37,0
37195,37,0
37197,37,1
37199,37,0
38001,38,0
38003,38,0
38005,38,0
38007,38,0
38009,38,0
38011,38,0
38013,38,0
38015,38,1
38017,38,1
38019,38,0
38021,38,0
38023,38,0
38025,38,0
38027,38,0
38029,38,0
38031,38,0
38033,38,0
38035,38,1
38037,38,0
38039,38,0
38041,38,0
38043,38,0
38045,38,0
38047,38,0
38049,38,0
38051,38,0
38053,38,0
38055,38,0
38057,38,0
38059,38,1
38061,38,0
38063,38,0
38065,38,1
38067,38,0
38069,38,0
38071,38,0
38073,38,0
38075,38,0
38077,38,0
38079,38,0
38081,38,0
38083,38,0
38085,38,1
38087,38,0
38089,38,0
38091,38,0
38093,38,0
38095,38,0
38097,38,0
38099,38,0
38101,38,0
38103,38,0
38105,38,0
39001,39,0
39003,39,1
39005,39,0
39007,39,0
39009,39,0
39011,39,0
39013,39,1
39015,39,1
39017,39,1
39019,39,1
39021,39,0
39023,39,1
39025,39,1
39027,39,0
39029,39,0
39031,39,0
39033,39,0
39035,39,1
39037,39,0
39039,39,0
39041,39,1
39043,39,0
39045,39,1
39047,39,0
39049,39,1
39051,39,1
39053,39,0
39055,39,1
39057,39,1
39059,39,0
39061,39,1
39063,39,0
39065,39,0
39067,39,0
39069,39,0
39071,39,0
39073,39,1
39075,39,0
39077,39,0
39079,39,0
39081,39,1
39083,39,0
39085,39,1
39087,39,1
39089,39,1
39091,39,0
39093,39,1
39095,39,1
39097,39,1
39099,39,1
39101,39,0
39103,39,1
39105,39,0
39107,39,0
39109,39,1
39111,39,0
39113,39,1
39115,39,0
39117,39,1
39119,39,0
39121,39,0
39123,39,0
39125,39,0
39127,39,1
39129,39,1
39131,39,0
39133,39,1
39135,39,0
39137,39,0
39139,39,1
39141,39,0
39143,39,0
39145,39,0
39147,39,0
39149,39,0
39151,39,1
39153,39,1
39155,39,1
39157,39,0
39159,39,1
39161,39,0
39163,39,0
39165,39,1
39167,39,0
39169,39,0
39171,39,0
39173,39,1
39175,39,0
40001,40,0
40003,40,0
40005,40,0
40007,40,0
40009,40,0
40011,40,0
40013,40,0
40015,40,0
40017,40,1
40019,40,0
40021,40,0
40023,40,0
40025,40,0
40027,40,1
40029,40,0
40031,40,1
40033,40,1
40035,40,0
40037,40,1
40039,40,0
40041,40,0
40043,40,0
40045,40,0
40047,40,1
40049,40,0
40051,40,1
40053,40,0
40055,40,0
40057,40,0
40059,40,0
40061,40,0
40063,40,0
40065,40,0
40067,40,0
40069,40,0
40071,40,0
40073,40,0
40075,40,0
40077,40,0
40079,40,1
40081,40,1
40083,40,1
40085,40,0
40087,40,1
40089,40,0
40091,40,0
40093,40,0
40095,40,0
40097,40,0
40099,40,0
40101,40,0
40103,40,0
40105,40,0
40107,40,0
40109,40,1
40111,40,1
40113,40,1
40115,40,0
40117,40,1
40119,40,0
40121,40,0
40123,40,0
40125,40,0
40127,40,0
40129,40,0
40131,40,1
40133,40,0
40135,40,1
40137,40,0
40139,40,0
40141,40,0
40143,40,1
40145,40,1
40147,40,0
40149,40,0
40151,40,0
40153,40,0
41001,41,0
41003,41,1
41005,41,1
41007,41,0
41009,41,1
41011,41,0
41013,41,0
41015,41,0
41017,41,1
41019,41,0
41021,41,0
41023,41,0
41025,41,0
41027,41,0
41029,41,1
41031,41,0
41033,41,1
41035,41,0
41037,41,0
41039,41,1
41041,41,0
41043,41,1
41045,41,0
41047,41,1
41049,41,0
41051,41,1
41053,41,1
41055,41,0
41057,41,0
41059,41,0
41061,41,0
41063,41,0
41065,41,0
41067,41,1
41069,41,0
41071,41,1
42001,42,1
42003,42,1
42005,42,1
42007,42,1
42009,42,0
42011,42,1
42013,42,1
42015,42,0
42017,42,1
42019,42,1
42021,42,1
42023,42,0
42025,42,1
42027,42,1
42029,42,1
42031,42,0
42033,42,0
42035,42,0
42037,42,1
42039,42,0
42041,42,1
42043,42,1
42045,42,1
42047,42,0
42049,42,1
42051,42,1
42053,42,0
42055,42,1
42057,42,0
42059,42,0
42061,42,0
42063,42,0
42065,42,0
42067,42,0
42069,42,1
42071,42,1
42073,42,0
42075,42,1
42077,42,1
42079,42,1
42081,42,1
42083,42,0
42085,42,1
42087,42,0
42089,42,1
42091,42,1
42093,42,1
42095,42,1
42097,42,0
42099,42,1
42101,42,1
42103,42,1
42105,42,0
42107,42,0
42109,42,0
42111,42,0
42113,42,0
42115,42,0
42117,42,0
42119,42,0
42121,42,0
42123,42,0
42125,42,1
42127,42,0
42129,42,1
42131,42,1
42133,42,1
44001,44,1
44003,44,1
44005,44,1
44007,44,1
44009,44,1
45001,45,0
45003,45,1
45005,45,0
45007,45,1
45009,45,0
45011,45,0
45013,45,1
45015,45,1
45017,45,1
45019,45,1
45021,45,0
45023,45,1
45025,45,0
45027,45,0
45029,45,0
45031,45,1
45033,45,0
45035,45,1
45037,45,1
45039,45,1
45041,45,1
45043,45,0
45045,45,1
45047,45,0
45049,45,0
45051,45,1
45053,45,1
45055,45,1
45057,45,1
45059,45,1
45061,45,0
45063,45,1
45065,45,0
45067,45,0
45069,45,0
45071,45,0
45073,45,0
45075,45,0
45077,45,1
45079,45,1
45081,45,1
45083,45,1
45085,45,1
45087,45,1
45089,45,0
45091,45,1
46003,46,0
46005,46,0
46007,46,0
46009,46,0
46011,46,0
46013,46,0
46015,46,0
46017,46,0
46019,46,0
46021,46,0
46023,46,0
46025,46,0
46027,46,0
46029,46,0
46031,46,0
46033,46,1
46035,46,0
46037,46,0
46039,46,0
46041,46,0
46043,46,0
46045,46,0
46047,46,0
46049,46,0
46051,46,0
46053,46,0
46055,46,0
46057,46,0
46059,46,0
46061,46,0
46063,46,0
46065,46,0
46067,46,0
46069,46,0
46071,46,0
46073,46,0
46075,46,0
46077,46,0
46079,46,0
46081,46,0
46083,46,1
46085,46,0
46087,46,1
46089,46,0
46091,46,0
46093,46,1
46095,46,0
46097,46,0
46099,46,1
46101,46,0
46103,46,1
46105,46,0
46107,46,0
46109,46,0
46111,46,0
46113,46,0
46115,46,0
46117,46,0
46119,46,0
46121,46,0
46123,46,0
46125,46,1
46127,46,1
46129,46,0
46135,46,0
46137,46,0
47001,47,1
47003,47,0
47005,47,0
47007,47,0
47009,47,1
47011,47,1
47013,47,1
47015,47,1
47017,47,0
47019,47,1
47021,47,1
47023,47,1
47025,47,0
47027,47,0
47029,47,0
47031,47,0
47033,47,1
47035,47,0
47037,47,1
47039,47,0
47041,47,0
47043,47,1
47045,47,0
47047,47,1
47049,47,0
47051,47,0
47053,47,0
47055,47,0
47057,47,1
47059,47,0
47061,47,0
47063,47,1
47065,47,1
47067,47,0
47069,47,0
47071,47,0
47073,47,1
47075,47,0
47077,47,0
47079,47,0
47081,47,1
47083,47,0
47085,47,0
47087,47,0
47089,47,1
47091,47,0
47093,47,1
47095,47,0
47097,47,0
47099,47,0
47101,47,0
47103,47,0
47105,47,1
47107,47,0
47109,47,0
47111,47,1
47113,47,1
47115,47,1
47117,47,0
47119,47,1
47121,47,0
47123,47,0
47125,47,1
47127,47,0
47129,47,1
47131,47,0
47133,47,0
47135,47,0
47137,47,0
47139,47,1
47141,47,0
47143,47,0
47145,47,1
47147,47,1
47149,47,1
47151,47,0
47153,47,1
47155,47,0
47157,47,1
47159,47,1
47161,47,0
47163,47,1
47165,47,1
47167,47,1
47169,47,1
47171,47,1
47173,47,1
47175,47,0
47177,47,0
47179,47,1
47181,47,0
47183,47,0
47185,47,0
47187,47,1
47189,47,1
48001,48,0
48003,48,0
48005,48,0
48007,48,1
48009,48,1
48011,48,1
48013,48,1
48015,48,1
48017,48,0
48019,48,1
48021,48,1
48023,48,0
48025,48,0
48027,48,1
48029,48,1
48031,48,0
48033,48,0
48035,48,0
48037,48,1
48039,48,1
48041,48,1
48043,48,0
48045,48,0
48047,48,0
48049,48,0
48051,48,1
48053,48,0
48055,48,1
48057,48,0
48059,48,1
48061,48,1
48063,48,0
48065,48,1
48067,48,0
48069,48,0
48071,48,1
48073,48,0
48075,48,0
48077,48,1
48079,48,0
48081,48,0
48083,48,0
48085,48,1
48087,48,0
48089,48,0
48091,48,1
48093,48,0
48095,48,0
48097,48,0
48099,48,1
48101,48,0
48103,48,0
48105,48,0
48107,48,1
48109,48,0
48111,48,0
48113,48,1
48115,48,0
48117,48,0
48119,48,0
48121,48,1
48123,48,0
48125,48,0
48127,48,0
48129,48,0
48131,48,0
48133,48,0
48135,48,1
48137,48,0
48139,48,1
48141,48,1
48143,48,0
48145,48,1
48147,48,0
48149,48,0
48151,48,0
48153,48,0
48155,48,0
48157,48,1
48159,48,0
48161,48,0
48163,48,0
48165,48,0
48167,48,1
48169,48,0
48171,48,0
48173,48,0
48175,48,1
48177,48,0
48179,48,0
48181,48,1
48183,48,1
48185,48,0
48187,48,1
48189,48,0
48191,48,0
48193,48,0
48195,48,0
48197,48,0
48199,48,1
48201,48,1
48203,48,0
48205,48,0
48207,48,0
48209,48,1
48211,48,0
48213,48,0
48215,48,1
48217,48,0
48219,48,0
48221,48,1
48223,48,0
48225,48,0
48227,48,0
48229,48,1
48231,48,1
48233,48,0
48235,48,1
48237,48,0
48239,48,0
48241,48,0
48243,48,0
48245,48,1
48247,48,0
48249,48,0
48251,48,1
48253,48,1
48255,48,0
48257,48,1
48259,48,1
48261,48,0
48263,48,0
48265,48,0
48267,48,0
48269,48,0
48271,48,0
48273,48,0
48275,48,0
48277,48,0
48279,48,0
48281,48,1
48283,48,0
48285,48,0
48287,48,0
48289,48,0
48291,48,1
48293,48,0
48295,48,0
48297,48,0
48299,48,0
48301,48,0
48303,48,1
48305,48,1
48307,48,0
48309,48,1
48311,48,0
48313,48,0
48315,48,0
48317,48,1
48319,48,0
48321,48,0
48323,48,0
48325,48,1
48327,48,0
48329,48,1
48331,48,0
48333,48,0
48335,48,0
48337,48,0
48339,48,1
48341,48,0
48343,48,0
48345,48,0
48347,48,0
48349,48,0
48351,48,1
48353,48,0
48355,48,1
48357,48,0
48359,48,1
48361,48,1
48363,48,0
48365,48,0
48367,48,1
48369,48,0
48371,48,0
48373,48,0
48375,48,1
48377,48,0
48379,48,0
48381,48,1
48383,48,0
48385,48,0
48387,48,0
48389,48,0
48391,48,0
48393,48,0
48395,48,1
48397,48,1
48399,48,0
48401,48,1
48403,48,0
48405,48,0
48407,48,0
48409,48,1
48411,48,0
48413,48,0
48415,48,0
48417,48,0
48419,48,0
48421,48,0
48423,48,1
48425,48,1
48427,48,0
48429,48,0
48431,48,0
48433,48,0
48435,48,0
48437,48,0
48439,48,1
48441,48,1
48443,48,0
48445,48,0
48447,48,0
48449,48,0
48451,48,1
48453,48,1
48455,48,0
48457,48,0
48459,48,1
48461,48,0
48463,48,0
48465,48,0
48467,48,0
48469,48,1
48471,48,0
48473,48,1
48475,48,0
48477,48,0
48479,48,1
48481,48,0
48483,48,0
48485,48,1
48487,48,0
48489,48,0
48491,48,1
48493,48,1
48495,48,0
48497,48,1
48499,48,0
48501,48,0
48503,48,0
48505,48,0
48507,48,0
49001,49,0
49003,49,1
49005,49,1
49007,49,0
49009,49,0
49011,49,1
49013,49,0
49015,49,0
49017,49,0
49019,49,0
49021,49,0
49023,49,1
49025,49,0
49027,49,0
49029,49,1
49031,49,0
49033,49,0
49035,49,1
49037,49,0
49039,49,0
49041,49,0
49043,49,0
49045,49,1
49047,49,0
49049,49,1
49051,49,0
49053,49,1
49055,49,0
49057,49,1
50001,50,0
50003,50,0
50005,50,0
50007,50,1
50009,50,0
50011,50,1
50013,50,1
50015,50,0
50017,50,0
50019,50,0
50021,50,0
50023,50,0
50025,50,0
50027,50,0
51001,51,0
51003,51,1
51005,51,0
51007,51,1
51009,51,1
51011,51,1
51013,51,1
51015,51,1
51017,51,0
51019,51,1
51021,51,0
51023,51,1
51025,51,0
51027,51,0
51029,51,1
51031,51,1
51033,51,1
51035,51,0
51036,51,1
51037,51,0
51041,51,1
51043,51,1
51045,51,1
51047,51,1
51049,51,0
51051,51,0
51053,51,1
51057,51,0
51059,51,1
51061,51,1
51063,51,1
51065,51,1
51067,51,1
51069,51,1
51071,51,1
51073,51,1
51075,51,1
51077,51,0
51079,51,1
51081,51,0
51083,51,0
51085,51,1
51087,51,1
51089,51,0
51091,51,0
51093,51,1
51095,51,1
51097,51,0
51099,51,0
51101,51,1
51103,51,0
51105,51,0
51107,51,1
51109,51,0
51111,51,0
51113,51,0
51115,51,1
51117,51,0
51119,51,0
51121,51,1
51125,51,1
51127,51,1
51131,51,0
51133,51,0
51135,51,0
51137,51,0
51139,51,0
51141,51,0
51143,51,0
51145,51,1
51147,51,0
51149,51,1
51153,51,1
51155,51,1
51157,51,1
51159,51,0
51161,51,1
51163,51,0
51165,51,1
51167,51,0
51169,51,1
51171,51,0
51173,51,0
51175,51,0
51177,51,1
51179,51,1
51181,51,0
51183,51,1
51185,51,0
51187,51,1
51191,51,1
51193,51,0
51195,51,0
51197,51,0
51199,51,1
51510,51,1
51515,51,0
51520,51,1
51530,51,0
51540,51,1
51550,51,1
51560,51,0
51570,51,1
51580,51,0
51590,51,0
51595,51,0
51600,51,1
51610,51,1
51620,51,0
51630,51,1
51640,51,0
51650,51,1
51660,51,1
51670,51,1
51678,51,0
51680,51,1
51683,51,1
51685,51,1
51690,51,0
51700,51,1
51710,51,1
51720,51,0
51730,51,1
51735,51,1
51740,51,1
51750,51,1
51760,51,1
51770,51,1
51775,51,1
51790,51,1
51800,51,1
51810,51,1
51820,51,1
51830,51,1
51840,51,1
53001,53,0
53003,53,1
53005,53,1
53007,53,1
53009,53,0
53011,53,1
53013,53,1
53015,53,1
53017,53,1
53019,53,0
53021,53,1
53023,53,0
53025,53,0
53027,53,0
53029,53,0
53031,53,0
53033,53,1
53035,53,1
53037,53,0
53039,53,0
53041,53,0
53043,53,0
53045,53,0
53047,53,0
53049,53,0
53051,53,1
53053,53,1
53055,53,0
53057,53,1
53059,53,1
53061,53,1
53063,53,1
53065,53,1
53067,53,1
53069,53,0
53071,53,1
53073,53,1
53075,53,0
53077,53,1
54001,54,0
54003,54,1
54005,54,1
54007,54,0
54009,54,1
54011,54,1
54013,54,0
54015,54,1
54017,54,0
54019,54,1
54021,54,0
54023,54,0
54025,54,0
54027,54,1
54029,54,1
54031,54,0
54033,54,0
54035,54,0
54037,54,1
54039,54,1
54041,54,0
54043,54,1
54045,54,0
54047,54,0
54049,54,0
54051,54,1
54053,54,0
54055,54,0
54057,54,1
54059,54,0
54061,54,1
54063,54,0
54065,54,0
54067,54,0
54069,54,1
54071,54,0
54073,54,0
54075,54,0
54077,54,1
54079,54,1
54081,54,1
54083,54,0
54085,54,0
54087,54,0
54089,54,0
54091,54,0
54093,54,0
54095,54,0
54097,54,0
54099,54,1
54101,54,0
54103,54,0
54105,54,1
54107,54,1
54109,54,0
55001,55,0
55003,55,0
55005,55,0
55007,55,0
55009,55,1
55011,55,0
55013,55,0
55015,55,1
55017,55,1
55019,55,0
55021,55,1
55023,55,0
55025,55,1
55027,55,0
55029,55,0
55031,55,1
55033,55,0
55035,55,1
55037,55,0
55039,55,1
55041,55,0
55043,55,0
55045,55,1
55047,55,0
55049,55,1
55051,55,0
55053,55,0
55055,55,0
55057,55,0
55059,55,1
55061,55,1
55063,55,1
55065,55,0
55067,55,0
55069,55,0
55071,55,0
55073,55,1
55075,55,0
55077,55,0
55078,55,0
55079,55,1
55081,55,0
55083,55,1
55085,55,0
55087,55,1
55089,55,1
55091,55,0
55093,55,1
55095,55,0
55097,55,0
55099,55,0
55101,55,1
55103,55,0
55105,55,1
55107,55,0
55109,55,1
55111,55,0
55113,55,0
55115,55,0
55117,55,1
55119,55,0
55121,55,0
55123,55,0
55125,55,0
55127,55,0
55129,55,0
55131,55,1
55133,55,1
55135,55,0
55137,55,0
55139,55,1
55141,55,0
56001,56,0
56003,56,0
56005,56,0
56007,56,0
56009,56,0
56011,56,0
56013,56,0
56015,56,0
56017,56,0
56019,56,0
56021,56,1
56023,56,0
56025,56,1
56027,56,0
56029,56,0
56031,56,0
56033,56,0
56035,56,0
56037,56,0
56039,56,0
56041,56,0
56043,56,0
56045,56,0
72153,72,0
72151,72,0
72149,72,1
72147,72,0
72145,72,1
72143,72,1
72141,72,0
72139,72,1
72137,72,1
72135,72,1
72133,72,0
72131,72,1
72129,72,1
72127,72,1
72125,72,1
72123,72,0
72121,72,0
72119,72,1
72117,72,0
72115,72,1
72113,72,1
72111,72,0
72109,72,1
72107,72,1
72105,72,1
72103,72,1
72101,72,1
72099,72,0
72097,72,1
72095,72,1
72093,72,0
72091,72,1
72089,72,0
72087,72,1
72085,72,1
72083,72,0
72081,72,0
72079,72,0
72077,72,1
72075,72,1
72073,72,0
72071,72,1
72069,72,1
72067,72,1
72065,72,1
72063,72,1
72061,72,1
72059,72,0
72057,72,1
72055,72,0
72054,72,1
72053,72,0
72051,72,1
72049,72,0
72047,72,1
72045,72,1
72043,72,0
72041,72,1
72039,72,1
72037,72,0
72035,72,1
72033,72,1
72031,72,1
72029,72,1
72027,72,1
72025,72,1
72023,72,1
72021,72,1
72019,72,1
72017,72,1
72015,72,1
72013,72,1
72011,72,0
72009,72,1
72007,72,1
72005,72,1
72003,72,0
72001,72,0
78030,78,0
78020,78,0
78010,78,0
8014,8,1
2198,2,0
2105,2,0
2195,2,0
2230,2,0
2275,2,0
46102,46,0
2158,2,0
2063,2,0
2066,2,0
